number of parameters: 123.59M
num decayed parameter tensors: 50, with 123,961,344 parameters
num non-decayed parameter tensors: 25, with 19,200 parameters
using fused AdamW: True
batch 0: mask sum = 5095.0
iter 0: loss 11.0655
batch 1: mask sum = 5104.0
batch 2: mask sum = 5317.0
batch 3: mask sum = 5125.0
batch 4: mask sum = 6079.0
batch 5: mask sum = 5299.0
batch 6: mask sum = 4576.0
batch 7: mask sum = 5423.0
batch 8: mask sum = 4935.0
batch 9: mask sum = 5390.0
batch 10: mask sum = 5123.0
iter 10: loss 7.9575
batch 11: mask sum = 4732.0
batch 12: mask sum = 5137.0
batch 13: mask sum = 4502.0
batch 14: mask sum = 5037.0
batch 15: mask sum = 6059.0
batch 16: mask sum = 5590.0
batch 17: mask sum = 5942.0
batch 18: mask sum = 5173.0
batch 19: mask sum = 5683.0
batch 20: mask sum = 5201.0
iter 20: loss 6.7820
batch 21: mask sum = 5275.0
batch 22: mask sum = 5410.0
batch 23: mask sum = 5556.0
batch 24: mask sum = 5215.0
batch 25: mask sum = 5327.0
batch 26: mask sum = 5891.0
batch 27: mask sum = 4638.0
batch 28: mask sum = 5649.0
batch 29: mask sum = 5877.0
batch 30: mask sum = 5440.0
iter 30: loss 5.8039
batch 31: mask sum = 5046.0
batch 32: mask sum = 5003.0
batch 33: mask sum = 5698.0
batch 34: mask sum = 5300.0
batch 35: mask sum = 5942.0
batch 36: mask sum = 5287.0
batch 37: mask sum = 5396.0
batch 38: mask sum = 5284.0
batch 39: mask sum = 5786.0
batch 40: mask sum = 5525.0
iter 40: loss 5.1502
batch 41: mask sum = 5533.0
batch 42: mask sum = 5568.0
batch 43: mask sum = 5238.0
batch 44: mask sum = 5338.0
batch 45: mask sum = 5281.0
batch 46: mask sum = 5399.0
batch 47: mask sum = 5447.0
batch 48: mask sum = 5514.0
batch 49: mask sum = 5570.0
batch 50: mask sum = 4494.0
iter 50: loss 4.3915
batch 51: mask sum = 6022.0
batch 52: mask sum = 5014.0
batch 53: mask sum = 6044.0
batch 54: mask sum = 5054.0
batch 55: mask sum = 5138.0
batch 56: mask sum = 5513.0
batch 57: mask sum = 6080.0
batch 58: mask sum = 4973.0
batch 59: mask sum = 5629.0
batch 60: mask sum = 4853.0
iter 60: loss 4.3623
batch 61: mask sum = 6010.0
batch 62: mask sum = 5553.0
batch 63: mask sum = 4873.0
batch 64: mask sum = 5246.0
batch 65: mask sum = 5787.0
batch 66: mask sum = 5841.0
batch 67: mask sum = 5985.0
batch 68: mask sum = 5663.0
batch 69: mask sum = 5626.0
batch 70: mask sum = 5747.0
iter 70: loss 3.9286
batch 71: mask sum = 5976.0
batch 72: mask sum = 5451.0
batch 73: mask sum = 5497.0
batch 74: mask sum = 4811.0
batch 75: mask sum = 5907.0
batch 76: mask sum = 5850.0
batch 77: mask sum = 5919.0
batch 78: mask sum = 5709.0
batch 79: mask sum = 5448.0
batch 80: mask sum = 4630.0
iter 80: loss 3.9261
batch 81: mask sum = 5886.0
batch 82: mask sum = 5639.0
batch 83: mask sum = 5721.0
batch 84: mask sum = 5672.0
batch 85: mask sum = 5419.0
batch 86: mask sum = 6045.0
batch 87: mask sum = 4798.0
batch 88: mask sum = 5828.0
batch 89: mask sum = 4705.0
batch 90: mask sum = 5344.0
iter 90: loss 3.9900
batch 91: mask sum = 5390.0
batch 92: mask sum = 5512.0
batch 93: mask sum = 5057.0
batch 94: mask sum = 5995.0
batch 95: mask sum = 5572.0
batch 96: mask sum = 6032.0
batch 97: mask sum = 5702.0
batch 98: mask sum = 5569.0
batch 99: mask sum = 5845.0
batch 100: mask sum = 5002.0
iter 100: loss 3.6395
batch 101: mask sum = 5596.0
batch 102: mask sum = 5169.0
batch 103: mask sum = 5630.0
batch 104: mask sum = 5593.0
batch 105: mask sum = 5135.0
batch 106: mask sum = 5772.0
batch 107: mask sum = 5608.0
batch 108: mask sum = 5617.0
batch 109: mask sum = 5728.0
batch 110: mask sum = 5546.0
iter 110: loss 3.8663
batch 111: mask sum = 5657.0
batch 112: mask sum = 4235.0
batch 113: mask sum = 5650.0
batch 114: mask sum = 5841.0
batch 115: mask sum = 5397.0
batch 116: mask sum = 4942.0
batch 117: mask sum = 5411.0
batch 118: mask sum = 5316.0
batch 119: mask sum = 5777.0
batch 120: mask sum = 5193.0
iter 120: loss 3.7714
batch 121: mask sum = 5740.0
batch 122: mask sum = 4558.0
batch 123: mask sum = 5571.0
batch 124: mask sum = 5851.0
batch 125: mask sum = 5856.0
batch 126: mask sum = 5273.0
batch 127: mask sum = 5327.0
batch 128: mask sum = 6057.0
batch 129: mask sum = 5646.0
batch 130: mask sum = 5203.0
iter 130: loss 3.4993
batch 131: mask sum = 5399.0
batch 132: mask sum = 6021.0
batch 133: mask sum = 5713.0
batch 134: mask sum = 5519.0
batch 135: mask sum = 5042.0
batch 136: mask sum = 4608.0
batch 137: mask sum = 5420.0
batch 138: mask sum = 5577.0
batch 139: mask sum = 5371.0
batch 140: mask sum = 5208.0
iter 140: loss 3.6224
batch 141: mask sum = 6144.0
batch 142: mask sum = 5428.0
batch 143: mask sum = 5627.0
batch 144: mask sum = 5871.0
batch 145: mask sum = 5146.0
batch 146: mask sum = 4784.0
batch 147: mask sum = 4737.0
batch 148: mask sum = 4653.0
batch 149: mask sum = 5281.0
batch 150: mask sum = 6049.0
iter 150: loss 3.4313
batch 151: mask sum = 5399.0
batch 152: mask sum = 5227.0
batch 153: mask sum = 4982.0
batch 154: mask sum = 5396.0
batch 155: mask sum = 5392.0
batch 156: mask sum = 6076.0
batch 157: mask sum = 5609.0
batch 158: mask sum = 4956.0
batch 159: mask sum = 5627.0
batch 160: mask sum = 5125.0
iter 160: loss 3.7706
batch 161: mask sum = 5781.0
batch 162: mask sum = 6031.0
batch 163: mask sum = 6144.0
batch 164: mask sum = 4993.0
batch 165: mask sum = 5561.0
batch 166: mask sum = 5376.0
batch 167: mask sum = 5977.0
batch 168: mask sum = 5617.0
batch 169: mask sum = 5210.0
batch 170: mask sum = 5877.0
iter 170: loss 3.4187
batch 171: mask sum = 5224.0
batch 172: mask sum = 5930.0
batch 173: mask sum = 5528.0
batch 174: mask sum = 5906.0
batch 175: mask sum = 5727.0
batch 176: mask sum = 5606.0
batch 177: mask sum = 5729.0
batch 178: mask sum = 5304.0
batch 179: mask sum = 4440.0
batch 180: mask sum = 6052.0
iter 180: loss 3.6095
batch 181: mask sum = 4589.0
batch 182: mask sum = 5217.0
batch 183: mask sum = 5060.0
batch 184: mask sum = 5412.0
batch 185: mask sum = 5411.0
batch 186: mask sum = 5074.0
batch 187: mask sum = 4156.0
batch 188: mask sum = 5473.0
batch 189: mask sum = 6126.0
batch 190: mask sum = 5594.0
iter 190: loss 3.4853
batch 191: mask sum = 5856.0
batch 192: mask sum = 5372.0
batch 193: mask sum = 5218.0
batch 194: mask sum = 5516.0
batch 195: mask sum = 5287.0
batch 196: mask sum = 4807.0
batch 197: mask sum = 5606.0
batch 198: mask sum = 5833.0
batch 199: mask sum = 5637.0
batch 200: mask sum = 5930.0
iter 200: loss 3.2844
step 200: val loss 3.3554
batch 201: mask sum = 6144.0
batch 202: mask sum = 5295.0
batch 203: mask sum = 4635.0
batch 204: mask sum = 5845.0
batch 205: mask sum = 5362.0
batch 206: mask sum = 5719.0
batch 207: mask sum = 5870.0
batch 208: mask sum = 5314.0
batch 209: mask sum = 5572.0
batch 210: mask sum = 5533.0
iter 210: loss 3.6194
batch 211: mask sum = 5128.0
batch 212: mask sum = 6028.0
batch 213: mask sum = 5657.0
batch 214: mask sum = 4990.0
batch 215: mask sum = 5218.0
batch 216: mask sum = 5635.0
batch 217: mask sum = 5751.0
batch 218: mask sum = 6097.0
batch 219: mask sum = 6054.0
batch 220: mask sum = 5955.0
iter 220: loss 3.4898
batch 221: mask sum = 5796.0
batch 222: mask sum = 5166.0
batch 223: mask sum = 5415.0
batch 224: mask sum = 5287.0
batch 225: mask sum = 5500.0
batch 226: mask sum = 4329.0
batch 227: mask sum = 5901.0
batch 228: mask sum = 5752.0
batch 229: mask sum = 5971.0
batch 230: mask sum = 5247.0
iter 230: loss 3.3739
batch 231: mask sum = 5340.0
batch 232: mask sum = 5477.0
batch 233: mask sum = 5989.0
batch 234: mask sum = 4818.0
batch 235: mask sum = 5947.0
batch 236: mask sum = 4875.0
batch 237: mask sum = 5478.0
batch 238: mask sum = 5932.0
batch 239: mask sum = 5495.0
batch 240: mask sum = 5545.0
iter 240: loss 3.4217
batch 241: mask sum = 5293.0
batch 242: mask sum = 6144.0
batch 243: mask sum = 5432.0
batch 244: mask sum = 5550.0
batch 245: mask sum = 5432.0
batch 246: mask sum = 5643.0
batch 247: mask sum = 6079.0
batch 248: mask sum = 5575.0
batch 249: mask sum = 5290.0
batch 250: mask sum = 5403.0
iter 250: loss 3.3955
batch 251: mask sum = 5565.0
batch 252: mask sum = 5053.0
batch 253: mask sum = 5805.0
batch 254: mask sum = 5218.0
batch 255: mask sum = 5266.0
batch 256: mask sum = 5839.0
batch 257: mask sum = 5506.0
batch 258: mask sum = 5035.0
batch 259: mask sum = 5177.0
batch 260: mask sum = 5534.0
iter 260: loss 3.3032
batch 261: mask sum = 5695.0
batch 262: mask sum = 6101.0
batch 263: mask sum = 5915.0
batch 264: mask sum = 4709.0
batch 265: mask sum = 5827.0
batch 266: mask sum = 4993.0
batch 267: mask sum = 5159.0
batch 268: mask sum = 5974.0
batch 269: mask sum = 5415.0
batch 270: mask sum = 5816.0
iter 270: loss 3.5620
batch 271: mask sum = 6102.0
batch 272: mask sum = 5529.0
batch 273: mask sum = 5509.0
batch 274: mask sum = 6076.0
batch 275: mask sum = 5770.0
batch 276: mask sum = 5790.0
batch 277: mask sum = 5558.0
batch 278: mask sum = 5076.0
batch 279: mask sum = 5531.0
batch 280: mask sum = 5004.0
iter 280: loss 3.2809
batch 281: mask sum = 5899.0
batch 282: mask sum = 5906.0
batch 283: mask sum = 6076.0
batch 284: mask sum = 5422.0
batch 285: mask sum = 5885.0
batch 286: mask sum = 5497.0
batch 287: mask sum = 5483.0
batch 288: mask sum = 5133.0
batch 289: mask sum = 5039.0
batch 290: mask sum = 4926.0
iter 290: loss 3.3245
batch 291: mask sum = 5559.0
batch 292: mask sum = 5823.0
batch 293: mask sum = 6076.0
batch 294: mask sum = 5366.0
batch 295: mask sum = 6023.0
batch 296: mask sum = 5180.0
batch 297: mask sum = 5395.0
batch 298: mask sum = 5763.0
batch 299: mask sum = 5286.0
batch 300: mask sum = 5778.0
iter 300: loss 3.2631
batch 301: mask sum = 5983.0
batch 302: mask sum = 5533.0
batch 303: mask sum = 4894.0
batch 304: mask sum = 5616.0
batch 305: mask sum = 5100.0
batch 306: mask sum = 5309.0
batch 307: mask sum = 4813.0
batch 308: mask sum = 5730.0
batch 309: mask sum = 5333.0
batch 310: mask sum = 5387.0
iter 310: loss 3.2774
batch 311: mask sum = 4882.0
batch 312: mask sum = 5503.0
batch 313: mask sum = 5688.0
batch 314: mask sum = 5486.0
batch 315: mask sum = 5771.0
batch 316: mask sum = 5935.0
batch 317: mask sum = 5932.0
batch 318: mask sum = 5363.0
batch 319: mask sum = 5214.0
batch 320: mask sum = 5356.0
iter 320: loss 3.2363
batch 321: mask sum = 5394.0
batch 322: mask sum = 5557.0
batch 323: mask sum = 5967.0
batch 324: mask sum = 5532.0
batch 325: mask sum = 5891.0
batch 326: mask sum = 5787.0
batch 327: mask sum = 5157.0
batch 328: mask sum = 5234.0
batch 329: mask sum = 5562.0
batch 330: mask sum = 6020.0
iter 330: loss 3.2956
batch 331: mask sum = 6144.0
batch 332: mask sum = 5435.0
batch 333: mask sum = 5189.0
batch 334: mask sum = 5625.0
batch 335: mask sum = 5733.0
batch 336: mask sum = 5738.0
batch 337: mask sum = 5017.0
batch 338: mask sum = 4864.0
batch 339: mask sum = 5595.0
batch 340: mask sum = 4254.0
iter 340: loss 3.5215
batch 341: mask sum = 5665.0
batch 342: mask sum = 5128.0
batch 343: mask sum = 5760.0
batch 344: mask sum = 4723.0
batch 345: mask sum = 6144.0
batch 346: mask sum = 5656.0
batch 347: mask sum = 4856.0
batch 348: mask sum = 5472.0
batch 349: mask sum = 5594.0
batch 350: mask sum = 4827.0
iter 350: loss 3.6298
batch 351: mask sum = 5432.0
batch 352: mask sum = 5663.0
batch 353: mask sum = 5402.0
batch 354: mask sum = 5879.0
batch 355: mask sum = 4726.0
batch 356: mask sum = 5855.0
batch 357: mask sum = 5793.0
batch 358: mask sum = 5157.0
batch 359: mask sum = 4903.0
batch 360: mask sum = 6088.0
iter 360: loss 3.2843
batch 361: mask sum = 5594.0
batch 362: mask sum = 4912.0
batch 363: mask sum = 5560.0
batch 364: mask sum = 5329.0
batch 365: mask sum = 5474.0
batch 366: mask sum = 5050.0
batch 367: mask sum = 5739.0
batch 368: mask sum = 5972.0
batch 369: mask sum = 5392.0
batch 370: mask sum = 5580.0
iter 370: loss 3.3389
batch 371: mask sum = 5883.0
batch 372: mask sum = 5312.0
batch 373: mask sum = 5379.0
batch 374: mask sum = 4906.0
batch 375: mask sum = 5572.0
batch 376: mask sum = 5935.0
batch 377: mask sum = 5238.0
batch 378: mask sum = 5964.0
batch 379: mask sum = 5832.0
batch 380: mask sum = 5759.0
iter 380: loss 3.3579
batch 381: mask sum = 5322.0
batch 382: mask sum = 5961.0
batch 383: mask sum = 5350.0
batch 384: mask sum = 5449.0
batch 385: mask sum = 5734.0
batch 386: mask sum = 5802.0
batch 387: mask sum = 5915.0
batch 388: mask sum = 5477.0
batch 389: mask sum = 5378.0
batch 390: mask sum = 6070.0
iter 390: loss 3.2609
batch 391: mask sum = 4775.0
batch 392: mask sum = 5396.0
batch 393: mask sum = 5500.0
batch 394: mask sum = 5746.0
batch 395: mask sum = 5518.0
batch 396: mask sum = 5604.0
batch 397: mask sum = 5886.0
batch 398: mask sum = 5965.0
batch 399: mask sum = 5648.0
batch 400: mask sum = 5367.0
iter 400: loss 3.2272
step 400: val loss 3.1959
batch 401: mask sum = 5495.0
batch 402: mask sum = 5532.0
batch 403: mask sum = 5327.0
batch 404: mask sum = 5502.0
batch 405: mask sum = 6144.0
batch 406: mask sum = 5182.0
batch 407: mask sum = 5790.0
batch 408: mask sum = 5322.0
batch 409: mask sum = 5386.0
batch 410: mask sum = 5914.0
iter 410: loss 3.2719
batch 411: mask sum = 5472.0
batch 412: mask sum = 5505.0
batch 413: mask sum = 6086.0
batch 414: mask sum = 5766.0
batch 415: mask sum = 5943.0
batch 416: mask sum = 6091.0
batch 417: mask sum = 5413.0
batch 418: mask sum = 5999.0
batch 419: mask sum = 5424.0
batch 420: mask sum = 6143.0
iter 420: loss 3.1965
batch 421: mask sum = 5835.0
batch 422: mask sum = 5567.0
batch 423: mask sum = 5535.0
batch 424: mask sum = 5779.0
batch 425: mask sum = 5513.0
batch 426: mask sum = 6133.0
batch 427: mask sum = 5532.0
batch 428: mask sum = 5319.0
batch 429: mask sum = 6144.0
batch 430: mask sum = 4568.0
iter 430: loss 3.2776
batch 431: mask sum = 5317.0
batch 432: mask sum = 5783.0
batch 433: mask sum = 5304.0
batch 434: mask sum = 5567.0
batch 435: mask sum = 5632.0
batch 436: mask sum = 5586.0
batch 437: mask sum = 5360.0
batch 438: mask sum = 5541.0
batch 439: mask sum = 5109.0
batch 440: mask sum = 5596.0
iter 440: loss 3.3298
batch 441: mask sum = 6091.0
batch 442: mask sum = 5671.0
batch 443: mask sum = 5379.0
batch 444: mask sum = 4987.0
batch 445: mask sum = 5852.0
batch 446: mask sum = 3952.0
batch 447: mask sum = 5822.0
batch 448: mask sum = 5627.0
batch 449: mask sum = 5799.0
batch 450: mask sum = 5900.0
iter 450: loss 3.2394
batch 451: mask sum = 5782.0
batch 452: mask sum = 6037.0
batch 453: mask sum = 5075.0
batch 454: mask sum = 4919.0
batch 455: mask sum = 5301.0
batch 456: mask sum = 5834.0
batch 457: mask sum = 5616.0
batch 458: mask sum = 5944.0
batch 459: mask sum = 5813.0
batch 460: mask sum = 5794.0
iter 460: loss 3.0459
batch 461: mask sum = 5567.0
batch 462: mask sum = 5263.0
batch 463: mask sum = 5619.0
batch 464: mask sum = 5401.0
batch 465: mask sum = 5644.0
batch 466: mask sum = 5834.0
batch 467: mask sum = 5164.0
batch 468: mask sum = 5897.0
batch 469: mask sum = 5354.0
batch 470: mask sum = 5864.0
iter 470: loss 3.1709
batch 471: mask sum = 5778.0
batch 472: mask sum = 5371.0
batch 473: mask sum = 5419.0
batch 474: mask sum = 5934.0
batch 475: mask sum = 4753.0
batch 476: mask sum = 5896.0
batch 477: mask sum = 6049.0
batch 478: mask sum = 5964.0
batch 479: mask sum = 5847.0
batch 480: mask sum = 5749.0
iter 480: loss 3.1688
batch 481: mask sum = 4676.0
batch 482: mask sum = 5140.0
batch 483: mask sum = 6037.0
batch 484: mask sum = 5973.0
batch 485: mask sum = 5210.0
batch 486: mask sum = 5269.0
batch 487: mask sum = 5130.0
batch 488: mask sum = 5951.0
batch 489: mask sum = 5454.0
batch 490: mask sum = 5688.0
iter 490: loss 3.1686
batch 491: mask sum = 5836.0
batch 492: mask sum = 5345.0
batch 493: mask sum = 5732.0
batch 494: mask sum = 4404.0
batch 495: mask sum = 5592.0
batch 496: mask sum = 5933.0
batch 497: mask sum = 5120.0
batch 498: mask sum = 5830.0
batch 499: mask sum = 5177.0
batch 500: mask sum = 5652.0
iter 500: loss 3.1003
batch 501: mask sum = 5175.0
batch 502: mask sum = 5081.0
batch 503: mask sum = 6144.0
batch 504: mask sum = 4917.0
batch 505: mask sum = 6094.0
batch 506: mask sum = 5925.0
batch 507: mask sum = 5685.0
batch 508: mask sum = 5978.0
batch 509: mask sum = 5700.0
batch 510: mask sum = 4465.0
iter 510: loss 3.4097
batch 511: mask sum = 5810.0
batch 512: mask sum = 5243.0
batch 513: mask sum = 5824.0
batch 514: mask sum = 5160.0
batch 515: mask sum = 5696.0
batch 516: mask sum = 4429.0
batch 517: mask sum = 5891.0
batch 518: mask sum = 5645.0
batch 519: mask sum = 4682.0
batch 520: mask sum = 4628.0
iter 520: loss 3.7336
batch 521: mask sum = 5518.0
batch 522: mask sum = 5292.0
batch 523: mask sum = 5374.0
batch 524: mask sum = 5138.0
batch 525: mask sum = 5795.0
batch 526: mask sum = 5512.0
batch 527: mask sum = 5118.0
batch 528: mask sum = 5532.0
batch 529: mask sum = 5671.0
batch 530: mask sum = 5807.0
iter 530: loss 3.0163
batch 531: mask sum = 4975.0
batch 532: mask sum = 5421.0
batch 533: mask sum = 4957.0
batch 534: mask sum = 5832.0
batch 535: mask sum = 5832.0
batch 536: mask sum = 5252.0
batch 537: mask sum = 5375.0
batch 538: mask sum = 6018.0
batch 539: mask sum = 5721.0
batch 540: mask sum = 5891.0
iter 540: loss 3.0127
batch 541: mask sum = 5815.0
batch 542: mask sum = 5522.0
batch 543: mask sum = 5537.0
batch 544: mask sum = 5363.0
batch 545: mask sum = 5599.0
batch 546: mask sum = 5125.0
batch 547: mask sum = 5911.0
batch 548: mask sum = 5883.0
batch 549: mask sum = 6142.0
batch 550: mask sum = 6082.0
iter 550: loss 3.0252
batch 551: mask sum = 5752.0
batch 552: mask sum = 5886.0
batch 553: mask sum = 5365.0
batch 554: mask sum = 5681.0
batch 555: mask sum = 5765.0
batch 556: mask sum = 5207.0
batch 557: mask sum = 4571.0
batch 558: mask sum = 4604.0
batch 559: mask sum = 5651.0
batch 560: mask sum = 5604.0
iter 560: loss 3.1976
batch 561: mask sum = 5981.0
batch 562: mask sum = 5261.0
batch 563: mask sum = 6057.0
batch 564: mask sum = 4730.0
batch 565: mask sum = 5385.0
batch 566: mask sum = 5536.0
batch 567: mask sum = 5546.0
batch 568: mask sum = 5007.0
batch 569: mask sum = 5221.0
batch 570: mask sum = 5553.0
iter 570: loss 3.3064
batch 571: mask sum = 3996.0
batch 572: mask sum = 5184.0
batch 573: mask sum = 5478.0
batch 574: mask sum = 5539.0
batch 575: mask sum = 6087.0
batch 576: mask sum = 5686.0
batch 577: mask sum = 6004.0
batch 578: mask sum = 5885.0
batch 579: mask sum = 5768.0
batch 580: mask sum = 5856.0
iter 580: loss 3.0813
batch 581: mask sum = 4887.0
batch 582: mask sum = 5813.0
batch 583: mask sum = 5315.0
batch 584: mask sum = 5153.0
batch 585: mask sum = 5320.0
batch 586: mask sum = 5559.0
batch 587: mask sum = 4944.0
batch 588: mask sum = 5068.0
batch 589: mask sum = 5120.0
batch 590: mask sum = 5601.0
iter 590: loss 3.1711
batch 591: mask sum = 5292.0
batch 592: mask sum = 5921.0
batch 593: mask sum = 5748.0
batch 594: mask sum = 5884.0
batch 595: mask sum = 5888.0
batch 596: mask sum = 5895.0
batch 597: mask sum = 5629.0
batch 598: mask sum = 5089.0
batch 599: mask sum = 5965.0
batch 600: mask sum = 6028.0
iter 600: loss 2.7108
step 600: val loss 2.8893
batch 601: mask sum = 5556.0
batch 602: mask sum = 4825.0
batch 603: mask sum = 5198.0
batch 604: mask sum = 4800.0
batch 605: mask sum = 5805.0
batch 606: mask sum = 5730.0
batch 607: mask sum = 5376.0
batch 608: mask sum = 5560.0
batch 609: mask sum = 5566.0
batch 610: mask sum = 5312.0
iter 610: loss 3.0189
batch 611: mask sum = 5419.0
batch 612: mask sum = 5566.0
batch 613: mask sum = 5626.0
batch 614: mask sum = 5739.0
batch 615: mask sum = 5763.0
batch 616: mask sum = 4972.0
batch 617: mask sum = 5324.0
batch 618: mask sum = 5174.0
batch 619: mask sum = 6074.0
batch 620: mask sum = 5859.0
iter 620: loss 2.9246
batch 621: mask sum = 5119.0
batch 622: mask sum = 5821.0
batch 623: mask sum = 5143.0
batch 624: mask sum = 5926.0
batch 625: mask sum = 5881.0
batch 626: mask sum = 5461.0
batch 627: mask sum = 5706.0
batch 628: mask sum = 5045.0
batch 629: mask sum = 5527.0
batch 630: mask sum = 5731.0
iter 630: loss 2.9849
batch 631: mask sum = 5945.0
batch 632: mask sum = 5522.0
batch 633: mask sum = 5352.0
batch 634: mask sum = 5503.0
batch 635: mask sum = 5878.0
batch 636: mask sum = 5238.0
batch 637: mask sum = 5749.0
batch 638: mask sum = 5665.0
batch 639: mask sum = 5258.0
batch 640: mask sum = 6111.0
iter 640: loss 2.9056
batch 641: mask sum = 5904.0
batch 642: mask sum = 5047.0
batch 643: mask sum = 5569.0
batch 644: mask sum = 5233.0
batch 645: mask sum = 5813.0
batch 646: mask sum = 5059.0
batch 647: mask sum = 6101.0
batch 648: mask sum = 5720.0
batch 649: mask sum = 5889.0
batch 650: mask sum = 5227.0
iter 650: loss 2.8180
batch 651: mask sum = 5730.0
batch 652: mask sum = 5588.0
batch 653: mask sum = 5623.0
batch 654: mask sum = 5050.0
batch 655: mask sum = 4934.0
batch 656: mask sum = 5110.0
batch 657: mask sum = 5852.0
batch 658: mask sum = 5456.0
batch 659: mask sum = 5606.0
batch 660: mask sum = 4784.0
iter 660: loss 2.9914
batch 661: mask sum = 5061.0
batch 662: mask sum = 5989.0
batch 663: mask sum = 5288.0
batch 664: mask sum = 4593.0
batch 665: mask sum = 5565.0
batch 666: mask sum = 5030.0
batch 667: mask sum = 6024.0
batch 668: mask sum = 5606.0
batch 669: mask sum = 5888.0
batch 670: mask sum = 5190.0
iter 670: loss 2.9240
batch 671: mask sum = 4841.0
batch 672: mask sum = 5698.0
batch 673: mask sum = 4688.0
batch 674: mask sum = 5081.0
batch 675: mask sum = 5030.0
batch 676: mask sum = 4998.0
batch 677: mask sum = 5914.0
batch 678: mask sum = 5531.0
batch 679: mask sum = 5044.0
batch 680: mask sum = 4903.0
iter 680: loss 2.9273
batch 681: mask sum = 5558.0
batch 682: mask sum = 5075.0
batch 683: mask sum = 4934.0
batch 684: mask sum = 6089.0
batch 685: mask sum = 4288.0
batch 686: mask sum = 5799.0
batch 687: mask sum = 5719.0
batch 688: mask sum = 5252.0
batch 689: mask sum = 5758.0
batch 690: mask sum = 5339.0
iter 690: loss 3.1526
batch 691: mask sum = 5908.0
batch 692: mask sum = 5394.0
batch 693: mask sum = 4568.0
batch 694: mask sum = 4761.0
batch 695: mask sum = 5443.0
batch 696: mask sum = 5119.0
batch 697: mask sum = 5498.0
batch 698: mask sum = 5486.0
batch 699: mask sum = 4880.0
batch 700: mask sum = 5909.0
iter 700: loss 2.8275
batch 701: mask sum = 5030.0
batch 702: mask sum = 5287.0
batch 703: mask sum = 5352.0
batch 704: mask sum = 5647.0
batch 705: mask sum = 5304.0
batch 706: mask sum = 5137.0
batch 707: mask sum = 5892.0
batch 708: mask sum = 4152.0
batch 709: mask sum = 5367.0
batch 710: mask sum = 5582.0
iter 710: loss 2.7751
batch 711: mask sum = 6078.0
batch 712: mask sum = 5480.0
batch 713: mask sum = 5508.0
batch 714: mask sum = 5641.0
batch 715: mask sum = 5958.0
batch 716: mask sum = 6137.0
batch 717: mask sum = 5471.0
batch 718: mask sum = 5718.0
batch 719: mask sum = 5548.0
batch 720: mask sum = 5830.0
iter 720: loss 2.7482
batch 721: mask sum = 4215.0
batch 722: mask sum = 5818.0
batch 723: mask sum = 5453.0
batch 724: mask sum = 6000.0
batch 725: mask sum = 5770.0
batch 726: mask sum = 5384.0
batch 727: mask sum = 5142.0
batch 728: mask sum = 5526.0
batch 729: mask sum = 4968.0
batch 730: mask sum = 5146.0
iter 730: loss 2.9497
batch 731: mask sum = 4482.0
batch 732: mask sum = 5487.0
batch 733: mask sum = 5519.0
batch 734: mask sum = 5917.0
batch 735: mask sum = 5682.0
batch 736: mask sum = 5766.0
batch 737: mask sum = 5885.0
batch 738: mask sum = 5512.0
batch 739: mask sum = 5185.0
batch 740: mask sum = 5911.0
iter 740: loss 2.8212
batch 741: mask sum = 5463.0
batch 742: mask sum = 5719.0
batch 743: mask sum = 5020.0
batch 744: mask sum = 5889.0
batch 745: mask sum = 4967.0
batch 746: mask sum = 5372.0
batch 747: mask sum = 5114.0
batch 748: mask sum = 6144.0
batch 749: mask sum = 5437.0
batch 750: mask sum = 4879.0
iter 750: loss 2.9637
batch 751: mask sum = 5906.0
batch 752: mask sum = 5624.0
batch 753: mask sum = 5866.0
batch 754: mask sum = 5176.0
batch 755: mask sum = 5789.0
batch 756: mask sum = 5807.0
batch 757: mask sum = 5244.0
batch 758: mask sum = 5987.0
batch 759: mask sum = 5103.0
batch 760: mask sum = 6117.0
iter 760: loss 2.8265
batch 761: mask sum = 5135.0
batch 762: mask sum = 6075.0
batch 763: mask sum = 5579.0
batch 764: mask sum = 5320.0
batch 765: mask sum = 5741.0
batch 766: mask sum = 5300.0
batch 767: mask sum = 5752.0
batch 768: mask sum = 5311.0
batch 769: mask sum = 5585.0
batch 770: mask sum = 5743.0
iter 770: loss 2.8109
batch 771: mask sum = 5884.0
batch 772: mask sum = 5114.0
batch 773: mask sum = 4597.0
batch 774: mask sum = 5063.0
batch 775: mask sum = 4915.0
batch 776: mask sum = 5417.0
batch 777: mask sum = 4859.0
batch 778: mask sum = 5172.0
batch 779: mask sum = 5562.0
batch 780: mask sum = 5909.0
iter 780: loss 2.8263
batch 781: mask sum = 5981.0
batch 782: mask sum = 4718.0
batch 783: mask sum = 5380.0
batch 784: mask sum = 5801.0
batch 785: mask sum = 4267.0
batch 786: mask sum = 5659.0
batch 787: mask sum = 5429.0
batch 788: mask sum = 5829.0
batch 789: mask sum = 5081.0
batch 790: mask sum = 5235.0
iter 790: loss 2.6475
batch 791: mask sum = 5618.0
batch 792: mask sum = 5406.0
batch 793: mask sum = 5729.0
batch 794: mask sum = 6086.0
batch 795: mask sum = 5689.0
batch 796: mask sum = 5566.0
batch 797: mask sum = 5880.0
batch 798: mask sum = 6086.0
batch 799: mask sum = 5577.0
batch 800: mask sum = 4749.0
iter 800: loss 2.6863
step 800: val loss 2.7318
batch 801: mask sum = 5984.0
batch 802: mask sum = 5490.0
batch 803: mask sum = 5127.0
batch 804: mask sum = 5901.0
batch 805: mask sum = 5434.0
batch 806: mask sum = 5936.0
batch 807: mask sum = 5725.0
batch 808: mask sum = 4647.0
batch 809: mask sum = 5442.0
batch 810: mask sum = 5167.0
iter 810: loss 3.0479
batch 811: mask sum = 5414.0
batch 812: mask sum = 5129.0
batch 813: mask sum = 5453.0
batch 814: mask sum = 4084.0
batch 815: mask sum = 5598.0
batch 816: mask sum = 5650.0
batch 817: mask sum = 6055.0
batch 818: mask sum = 5793.0
batch 819: mask sum = 5471.0
batch 820: mask sum = 5482.0
iter 820: loss 2.7574
batch 821: mask sum = 5051.0
batch 822: mask sum = 5601.0
batch 823: mask sum = 5989.0
batch 824: mask sum = 5273.0
batch 825: mask sum = 5533.0
batch 826: mask sum = 5198.0
batch 827: mask sum = 5308.0
batch 828: mask sum = 5407.0
batch 829: mask sum = 5388.0
batch 830: mask sum = 5613.0
iter 830: loss 3.0891
batch 831: mask sum = 5954.0
batch 832: mask sum = 5296.0
batch 833: mask sum = 4860.0
batch 834: mask sum = 4869.0
batch 835: mask sum = 5542.0
batch 836: mask sum = 5454.0
batch 837: mask sum = 5494.0
batch 838: mask sum = 5577.0
batch 839: mask sum = 5494.0
batch 840: mask sum = 5085.0
iter 840: loss 2.6396
batch 841: mask sum = 5096.0
batch 842: mask sum = 5362.0
batch 843: mask sum = 5850.0
batch 844: mask sum = 5848.0
batch 845: mask sum = 4681.0
batch 846: mask sum = 5446.0
batch 847: mask sum = 5633.0
batch 848: mask sum = 5358.0
batch 849: mask sum = 5800.0
batch 850: mask sum = 5571.0
iter 850: loss 2.9579
batch 851: mask sum = 6014.0
batch 852: mask sum = 5430.0
batch 853: mask sum = 5109.0
batch 854: mask sum = 5895.0
batch 855: mask sum = 5515.0
batch 856: mask sum = 5056.0
batch 857: mask sum = 5300.0
batch 858: mask sum = 5600.0
batch 859: mask sum = 5813.0
batch 860: mask sum = 5325.0
iter 860: loss 3.0310
batch 861: mask sum = 5537.0
batch 862: mask sum = 4840.0
batch 863: mask sum = 5743.0
batch 864: mask sum = 6136.0
batch 865: mask sum = 5876.0
batch 866: mask sum = 5435.0
batch 867: mask sum = 6111.0
batch 868: mask sum = 5654.0
batch 869: mask sum = 5317.0
batch 870: mask sum = 5784.0
iter 870: loss 2.5772
batch 871: mask sum = 5632.0
batch 872: mask sum = 5897.0
batch 873: mask sum = 5422.0
batch 874: mask sum = 5592.0
batch 875: mask sum = 5416.0
batch 876: mask sum = 5760.0
batch 877: mask sum = 6105.0
batch 878: mask sum = 4024.0
batch 879: mask sum = 5729.0
batch 880: mask sum = 5275.0
iter 880: loss 2.6314
batch 881: mask sum = 5900.0
batch 882: mask sum = 6021.0
batch 883: mask sum = 5886.0
batch 884: mask sum = 5150.0
batch 885: mask sum = 5803.0
batch 886: mask sum = 5660.0
batch 887: mask sum = 5450.0
batch 888: mask sum = 6121.0
batch 889: mask sum = 5933.0
batch 890: mask sum = 5890.0
iter 890: loss 2.7460
batch 891: mask sum = 6046.0
batch 892: mask sum = 5684.0
batch 893: mask sum = 5025.0
batch 894: mask sum = 4354.0
batch 895: mask sum = 4469.0
batch 896: mask sum = 5019.0
batch 897: mask sum = 5482.0
batch 898: mask sum = 5496.0
batch 899: mask sum = 5080.0
batch 900: mask sum = 5218.0
iter 900: loss 2.7096
batch 901: mask sum = 5855.0
batch 902: mask sum = 5841.0
batch 903: mask sum = 5787.0
batch 904: mask sum = 5796.0
batch 905: mask sum = 6069.0
batch 906: mask sum = 5271.0
batch 907: mask sum = 4795.0
batch 908: mask sum = 5937.0
batch 909: mask sum = 5853.0
batch 910: mask sum = 5236.0
iter 910: loss 2.7467
batch 911: mask sum = 5478.0
batch 912: mask sum = 5412.0
batch 913: mask sum = 5059.0
batch 914: mask sum = 5254.0
batch 915: mask sum = 5716.0
batch 916: mask sum = 6010.0
batch 917: mask sum = 5022.0
batch 918: mask sum = 5927.0
batch 919: mask sum = 5454.0
batch 920: mask sum = 5797.0
iter 920: loss 2.4798
batch 921: mask sum = 5594.0
batch 922: mask sum = 5911.0
batch 923: mask sum = 4608.0
batch 924: mask sum = 5252.0
batch 925: mask sum = 5615.0
batch 926: mask sum = 5756.0
batch 927: mask sum = 5446.0
batch 928: mask sum = 5457.0
batch 929: mask sum = 5783.0
batch 930: mask sum = 5739.0
iter 930: loss 2.7613
batch 931: mask sum = 5578.0
batch 932: mask sum = 6002.0
batch 933: mask sum = 5522.0
batch 934: mask sum = 5497.0
batch 935: mask sum = 5889.0
batch 936: mask sum = 5492.0
batch 937: mask sum = 5218.0
batch 938: mask sum = 5251.0
batch 939: mask sum = 5977.0
batch 940: mask sum = 4330.0
iter 940: loss 2.8125
batch 941: mask sum = 5405.0
batch 942: mask sum = 5686.0
batch 943: mask sum = 5525.0
batch 944: mask sum = 6083.0
batch 945: mask sum = 5056.0
batch 946: mask sum = 5927.0
batch 947: mask sum = 5299.0
batch 948: mask sum = 4249.0
batch 949: mask sum = 5649.0
batch 950: mask sum = 4909.0
iter 950: loss 2.6175
batch 951: mask sum = 5013.0
batch 952: mask sum = 6042.0
batch 953: mask sum = 5223.0
batch 954: mask sum = 5664.0
batch 955: mask sum = 5526.0
batch 956: mask sum = 5898.0
batch 957: mask sum = 3635.0
batch 958: mask sum = 5680.0
batch 959: mask sum = 5763.0
batch 960: mask sum = 4811.0
iter 960: loss 2.7698
batch 961: mask sum = 4968.0
batch 962: mask sum = 5228.0
batch 963: mask sum = 4611.0
batch 964: mask sum = 5731.0
batch 965: mask sum = 5114.0
batch 966: mask sum = 5086.0
batch 967: mask sum = 5987.0
batch 968: mask sum = 5319.0
batch 969: mask sum = 5284.0
batch 970: mask sum = 6112.0
iter 970: loss 2.7347
batch 971: mask sum = 5058.0
batch 972: mask sum = 5073.0
batch 973: mask sum = 5704.0
batch 974: mask sum = 6032.0
batch 975: mask sum = 5961.0
batch 976: mask sum = 5286.0
batch 977: mask sum = 5246.0
batch 978: mask sum = 5267.0
batch 979: mask sum = 5259.0
batch 980: mask sum = 6027.0
iter 980: loss 2.6852
batch 981: mask sum = 5876.0
batch 982: mask sum = 5522.0
batch 983: mask sum = 5490.0
batch 984: mask sum = 5134.0
batch 985: mask sum = 5882.0
batch 986: mask sum = 5763.0
batch 987: mask sum = 5667.0
batch 988: mask sum = 5993.0
batch 989: mask sum = 5856.0
batch 990: mask sum = 5215.0
iter 990: loss 2.6034
batch 991: mask sum = 5803.0
batch 992: mask sum = 5729.0
batch 993: mask sum = 5603.0
batch 994: mask sum = 5790.0
batch 995: mask sum = 5594.0
batch 996: mask sum = 5314.0
batch 997: mask sum = 5353.0
batch 998: mask sum = 5423.0
batch 999: mask sum = 5843.0
batch 1000: mask sum = 5614.0
iter 1000: loss 2.4548
step 1000: val loss 2.5515
batch 1001: mask sum = 4988.0
batch 1002: mask sum = 6055.0
batch 1003: mask sum = 5103.0
batch 1004: mask sum = 5752.0
batch 1005: mask sum = 5581.0
batch 1006: mask sum = 5721.0
batch 1007: mask sum = 5412.0
batch 1008: mask sum = 5829.0
batch 1009: mask sum = 5411.0
batch 1010: mask sum = 5511.0
iter 1010: loss 2.8201
batch 1011: mask sum = 5217.0
batch 1012: mask sum = 5267.0
batch 1013: mask sum = 5953.0
batch 1014: mask sum = 5124.0
batch 1015: mask sum = 5002.0
batch 1016: mask sum = 5293.0
batch 1017: mask sum = 5442.0
batch 1018: mask sum = 6050.0
batch 1019: mask sum = 5104.0
batch 1020: mask sum = 4965.0
iter 1020: loss 2.4877
batch 1021: mask sum = 5491.0
batch 1022: mask sum = 5483.0
batch 1023: mask sum = 4925.0
batch 1024: mask sum = 5968.0
batch 1025: mask sum = 5118.0
batch 1026: mask sum = 4453.0
batch 1027: mask sum = 5885.0
batch 1028: mask sum = 5525.0
batch 1029: mask sum = 4907.0
batch 1030: mask sum = 5417.0
iter 1030: loss 2.5605
batch 1031: mask sum = 5000.0
batch 1032: mask sum = 5765.0
batch 1033: mask sum = 4820.0
batch 1034: mask sum = 5829.0
batch 1035: mask sum = 5427.0
batch 1036: mask sum = 5191.0
batch 1037: mask sum = 5428.0
batch 1038: mask sum = 5360.0
batch 1039: mask sum = 4245.0
batch 1040: mask sum = 6055.0
iter 1040: loss 2.5190
batch 1041: mask sum = 4380.0
batch 1042: mask sum = 5652.0
batch 1043: mask sum = 5020.0
batch 1044: mask sum = 5975.0
batch 1045: mask sum = 4916.0
batch 1046: mask sum = 5551.0
batch 1047: mask sum = 6069.0
batch 1048: mask sum = 5654.0
batch 1049: mask sum = 6061.0
batch 1050: mask sum = 4901.0
iter 1050: loss 2.7405
batch 1051: mask sum = 5725.0
batch 1052: mask sum = 4962.0
batch 1053: mask sum = 5878.0
batch 1054: mask sum = 5409.0
batch 1055: mask sum = 5132.0
batch 1056: mask sum = 5993.0
batch 1057: mask sum = 5458.0
batch 1058: mask sum = 5477.0
batch 1059: mask sum = 5716.0
batch 1060: mask sum = 5634.0
iter 1060: loss 2.5137
batch 1061: mask sum = 5643.0
batch 1062: mask sum = 5879.0
batch 1063: mask sum = 5900.0
batch 1064: mask sum = 4876.0
batch 1065: mask sum = 5182.0
batch 1066: mask sum = 4734.0
batch 1067: mask sum = 5785.0
batch 1068: mask sum = 5596.0
batch 1069: mask sum = 5371.0
batch 1070: mask sum = 5960.0
iter 1070: loss 2.5546
batch 1071: mask sum = 5940.0
batch 1072: mask sum = 5997.0
batch 1073: mask sum = 5437.0
batch 1074: mask sum = 5265.0
batch 1075: mask sum = 5537.0
batch 1076: mask sum = 6058.0
batch 1077: mask sum = 4806.0
batch 1078: mask sum = 5238.0
batch 1079: mask sum = 4951.0
batch 1080: mask sum = 4932.0
iter 1080: loss 2.5479
batch 1081: mask sum = 5214.0
batch 1082: mask sum = 5859.0
batch 1083: mask sum = 5556.0
batch 1084: mask sum = 5468.0
batch 1085: mask sum = 5611.0
batch 1086: mask sum = 6128.0
batch 1087: mask sum = 5780.0
batch 1088: mask sum = 5645.0
batch 1089: mask sum = 5597.0
batch 1090: mask sum = 5949.0
iter 1090: loss 2.3657
batch 1091: mask sum = 5284.0
batch 1092: mask sum = 5442.0
batch 1093: mask sum = 5870.0
batch 1094: mask sum = 4745.0
batch 1095: mask sum = 5907.0
batch 1096: mask sum = 5381.0
batch 1097: mask sum = 5934.0
batch 1098: mask sum = 4966.0
batch 1099: mask sum = 6014.0
batch 1100: mask sum = 5114.0
iter 1100: loss 2.4242
batch 1101: mask sum = 5235.0
batch 1102: mask sum = 5750.0
batch 1103: mask sum = 5869.0
batch 1104: mask sum = 5304.0
batch 1105: mask sum = 5633.0
batch 1106: mask sum = 5342.0
batch 1107: mask sum = 4986.0
batch 1108: mask sum = 5844.0
batch 1109: mask sum = 5861.0
batch 1110: mask sum = 5509.0
iter 1110: loss 2.4844
batch 1111: mask sum = 5572.0
batch 1112: mask sum = 5309.0
batch 1113: mask sum = 5136.0
batch 1114: mask sum = 5822.0
batch 1115: mask sum = 6018.0
batch 1116: mask sum = 5689.0
batch 1117: mask sum = 4885.0
batch 1118: mask sum = 4644.0
batch 1119: mask sum = 5498.0
batch 1120: mask sum = 4865.0
iter 1120: loss 2.3181
batch 1121: mask sum = 5654.0
batch 1122: mask sum = 5363.0
batch 1123: mask sum = 5444.0
batch 1124: mask sum = 5687.0
batch 1125: mask sum = 5318.0
batch 1126: mask sum = 5437.0
batch 1127: mask sum = 6055.0
batch 1128: mask sum = 4814.0
batch 1129: mask sum = 5488.0
batch 1130: mask sum = 5186.0
iter 1130: loss 2.6414
batch 1131: mask sum = 6022.0
batch 1132: mask sum = 5651.0
batch 1133: mask sum = 5877.0
batch 1134: mask sum = 5438.0
batch 1135: mask sum = 5325.0
batch 1136: mask sum = 4823.0
batch 1137: mask sum = 5884.0
batch 1138: mask sum = 5468.0
batch 1139: mask sum = 5576.0
batch 1140: mask sum = 5454.0
iter 1140: loss 2.8783
batch 1141: mask sum = 5311.0
batch 1142: mask sum = 5526.0
batch 1143: mask sum = 5173.0
batch 1144: mask sum = 5251.0
batch 1145: mask sum = 5643.0
batch 1146: mask sum = 5610.0
batch 1147: mask sum = 5785.0
batch 1148: mask sum = 5889.0
batch 1149: mask sum = 5929.0
batch 1150: mask sum = 5319.0
iter 1150: loss 2.9249
batch 1151: mask sum = 4833.0
batch 1152: mask sum = 5564.0
batch 1153: mask sum = 5513.0
batch 1154: mask sum = 5459.0
batch 1155: mask sum = 5876.0
batch 1156: mask sum = 6078.0
batch 1157: mask sum = 5537.0
batch 1158: mask sum = 5008.0
batch 1159: mask sum = 5561.0
batch 1160: mask sum = 6079.0
iter 1160: loss 2.5016
batch 1161: mask sum = 4627.0
batch 1162: mask sum = 5872.0
batch 1163: mask sum = 5815.0
batch 1164: mask sum = 5794.0
batch 1165: mask sum = 5632.0
batch 1166: mask sum = 5460.0
batch 1167: mask sum = 4663.0
batch 1168: mask sum = 6057.0
batch 1169: mask sum = 4964.0
batch 1170: mask sum = 5443.0
iter 1170: loss 2.1876
batch 1171: mask sum = 5961.0
batch 1172: mask sum = 5246.0
batch 1173: mask sum = 5411.0
batch 1174: mask sum = 4951.0
batch 1175: mask sum = 5757.0
batch 1176: mask sum = 5568.0
batch 1177: mask sum = 5299.0
batch 1178: mask sum = 5523.0
batch 1179: mask sum = 5900.0
batch 1180: mask sum = 4712.0
iter 1180: loss 2.4235
batch 1181: mask sum = 5529.0
batch 1182: mask sum = 5899.0
batch 1183: mask sum = 5774.0
batch 1184: mask sum = 5203.0
batch 1185: mask sum = 5422.0
batch 1186: mask sum = 4826.0
batch 1187: mask sum = 5724.0
batch 1188: mask sum = 5966.0
batch 1189: mask sum = 5981.0
batch 1190: mask sum = 4510.0
iter 1190: loss 2.6554
batch 1191: mask sum = 5739.0
batch 1192: mask sum = 5532.0
batch 1193: mask sum = 5692.0
batch 1194: mask sum = 5435.0
batch 1195: mask sum = 5904.0
batch 1196: mask sum = 5804.0
batch 1197: mask sum = 5755.0
batch 1198: mask sum = 6028.0
batch 1199: mask sum = 5248.0
batch 1200: mask sum = 5288.0
iter 1200: loss 2.7800
step 1200: val loss 2.5216
batch 1201: mask sum = 5794.0
batch 1202: mask sum = 5708.0
batch 1203: mask sum = 4078.0
batch 1204: mask sum = 5689.0
batch 1205: mask sum = 5111.0
batch 1206: mask sum = 4919.0
batch 1207: mask sum = 5316.0
batch 1208: mask sum = 5281.0
batch 1209: mask sum = 5593.0
batch 1210: mask sum = 5080.0
iter 1210: loss 2.4974
batch 1211: mask sum = 5985.0
batch 1212: mask sum = 4740.0
batch 1213: mask sum = 5949.0
batch 1214: mask sum = 5194.0
batch 1215: mask sum = 5297.0
batch 1216: mask sum = 4964.0
batch 1217: mask sum = 5823.0
batch 1218: mask sum = 5635.0
batch 1219: mask sum = 5989.0
batch 1220: mask sum = 5286.0
iter 1220: loss 2.3863
batch 1221: mask sum = 5586.0
batch 1222: mask sum = 5513.0
batch 1223: mask sum = 5091.0
batch 1224: mask sum = 5389.0
batch 1225: mask sum = 5524.0
batch 1226: mask sum = 6105.0
batch 1227: mask sum = 5172.0
batch 1228: mask sum = 5989.0
batch 1229: mask sum = 5350.0
batch 1230: mask sum = 5041.0
iter 1230: loss 2.3044
batch 1231: mask sum = 5877.0
batch 1232: mask sum = 5720.0
batch 1233: mask sum = 5110.0
batch 1234: mask sum = 4569.0
batch 1235: mask sum = 5284.0
batch 1236: mask sum = 5141.0
batch 1237: mask sum = 5053.0
batch 1238: mask sum = 5234.0
batch 1239: mask sum = 5246.0
batch 1240: mask sum = 5335.0
iter 1240: loss 2.4391
batch 1241: mask sum = 5511.0
batch 1242: mask sum = 5594.0
batch 1243: mask sum = 6009.0
batch 1244: mask sum = 5405.0
batch 1245: mask sum = 5215.0
batch 1246: mask sum = 5397.0
batch 1247: mask sum = 5999.0
batch 1248: mask sum = 5125.0
batch 1249: mask sum = 5301.0
batch 1250: mask sum = 5451.0
iter 1250: loss 2.5077
batch 1251: mask sum = 5746.0
batch 1252: mask sum = 5250.0
batch 1253: mask sum = 5909.0
batch 1254: mask sum = 5535.0
batch 1255: mask sum = 5336.0
batch 1256: mask sum = 6001.0
batch 1257: mask sum = 5987.0
batch 1258: mask sum = 5853.0
batch 1259: mask sum = 5489.0
batch 1260: mask sum = 6013.0
iter 1260: loss 2.3077
batch 1261: mask sum = 5508.0
batch 1262: mask sum = 6031.0
batch 1263: mask sum = 5030.0
batch 1264: mask sum = 5611.0
batch 1265: mask sum = 5282.0
batch 1266: mask sum = 4981.0
batch 1267: mask sum = 4943.0
batch 1268: mask sum = 5379.0
batch 1269: mask sum = 5491.0
batch 1270: mask sum = 5672.0
iter 1270: loss 2.3833
batch 1271: mask sum = 5333.0
batch 1272: mask sum = 5636.0
batch 1273: mask sum = 5907.0
batch 1274: mask sum = 5729.0
batch 1275: mask sum = 5898.0
batch 1276: mask sum = 5566.0
batch 1277: mask sum = 5142.0
batch 1278: mask sum = 4833.0
batch 1279: mask sum = 5696.0
batch 1280: mask sum = 4574.0
iter 1280: loss 2.7566
batch 1281: mask sum = 5861.0
batch 1282: mask sum = 5061.0
batch 1283: mask sum = 5876.0
batch 1284: mask sum = 5879.0
batch 1285: mask sum = 5841.0
batch 1286: mask sum = 6118.0
batch 1287: mask sum = 5360.0
batch 1288: mask sum = 5817.0
batch 1289: mask sum = 5833.0
batch 1290: mask sum = 4522.0
iter 1290: loss 2.4502
batch 1291: mask sum = 5170.0
batch 1292: mask sum = 5113.0
batch 1293: mask sum = 4787.0
batch 1294: mask sum = 5691.0
batch 1295: mask sum = 5182.0
batch 1296: mask sum = 5315.0
batch 1297: mask sum = 5493.0
batch 1298: mask sum = 5244.0
batch 1299: mask sum = 5684.0
batch 1300: mask sum = 5482.0
iter 1300: loss 2.2986
batch 1301: mask sum = 6032.0
batch 1302: mask sum = 4881.0
batch 1303: mask sum = 5827.0
batch 1304: mask sum = 5606.0
batch 1305: mask sum = 5215.0
batch 1306: mask sum = 5054.0
batch 1307: mask sum = 5632.0
batch 1308: mask sum = 4824.0
batch 1309: mask sum = 5763.0
batch 1310: mask sum = 5062.0
iter 1310: loss 2.2680
batch 1311: mask sum = 5904.0
batch 1312: mask sum = 5668.0
batch 1313: mask sum = 5453.0
batch 1314: mask sum = 5790.0
batch 1315: mask sum = 5888.0
batch 1316: mask sum = 5429.0
batch 1317: mask sum = 5848.0
batch 1318: mask sum = 4626.0
batch 1319: mask sum = 5476.0
batch 1320: mask sum = 5924.0
iter 1320: loss 2.7475
batch 1321: mask sum = 5349.0
batch 1322: mask sum = 5414.0
batch 1323: mask sum = 5757.0
batch 1324: mask sum = 5154.0
batch 1325: mask sum = 5281.0
batch 1326: mask sum = 4598.0
batch 1327: mask sum = 5872.0
batch 1328: mask sum = 5285.0
batch 1329: mask sum = 5231.0
batch 1330: mask sum = 4943.0
iter 1330: loss 2.3295
batch 1331: mask sum = 4759.0
batch 1332: mask sum = 5619.0
batch 1333: mask sum = 5503.0
batch 1334: mask sum = 5623.0
batch 1335: mask sum = 5386.0
batch 1336: mask sum = 5966.0
batch 1337: mask sum = 5364.0
batch 1338: mask sum = 5999.0
batch 1339: mask sum = 4761.0
batch 1340: mask sum = 3859.0
iter 1340: loss 2.5262
batch 1341: mask sum = 6134.0
batch 1342: mask sum = 5371.0
batch 1343: mask sum = 5664.0
batch 1344: mask sum = 5402.0
batch 1345: mask sum = 5539.0
batch 1346: mask sum = 5452.0
batch 1347: mask sum = 4954.0
batch 1348: mask sum = 5279.0
batch 1349: mask sum = 5986.0
batch 1350: mask sum = 5989.0
iter 1350: loss 2.4007
batch 1351: mask sum = 5137.0
batch 1352: mask sum = 5083.0
batch 1353: mask sum = 5999.0
batch 1354: mask sum = 4732.0
batch 1355: mask sum = 6024.0
batch 1356: mask sum = 4984.0
batch 1357: mask sum = 5568.0
batch 1358: mask sum = 5544.0
batch 1359: mask sum = 5500.0
batch 1360: mask sum = 4269.0
iter 1360: loss 2.7478
batch 1361: mask sum = 5459.0
batch 1362: mask sum = 4883.0
batch 1363: mask sum = 5493.0
batch 1364: mask sum = 6101.0
batch 1365: mask sum = 5079.0
batch 1366: mask sum = 5219.0
batch 1367: mask sum = 5506.0
batch 1368: mask sum = 5524.0
batch 1369: mask sum = 5054.0
batch 1370: mask sum = 5627.0
iter 1370: loss 2.4476
batch 1371: mask sum = 5840.0
batch 1372: mask sum = 5057.0
batch 1373: mask sum = 5957.0
batch 1374: mask sum = 5986.0
batch 1375: mask sum = 5390.0
batch 1376: mask sum = 5238.0
batch 1377: mask sum = 5647.0
batch 1378: mask sum = 5485.0
batch 1379: mask sum = 5729.0
batch 1380: mask sum = 5921.0
iter 1380: loss 2.3223
batch 1381: mask sum = 4681.0
batch 1382: mask sum = 5824.0
batch 1383: mask sum = 5870.0
batch 1384: mask sum = 5253.0
batch 1385: mask sum = 5953.0
batch 1386: mask sum = 6028.0
batch 1387: mask sum = 4818.0
batch 1388: mask sum = 6095.0
batch 1389: mask sum = 4901.0
batch 1390: mask sum = 5632.0
iter 1390: loss 2.4284
batch 1391: mask sum = 5858.0
batch 1392: mask sum = 5912.0
batch 1393: mask sum = 5732.0
batch 1394: mask sum = 5185.0
batch 1395: mask sum = 5098.0
batch 1396: mask sum = 5223.0
batch 1397: mask sum = 5803.0
batch 1398: mask sum = 5038.0
batch 1399: mask sum = 5259.0
batch 1400: mask sum = 5977.0
iter 1400: loss 2.2696
step 1400: val loss 2.3844
batch 1401: mask sum = 5727.0
batch 1402: mask sum = 5802.0
batch 1403: mask sum = 5822.0
batch 1404: mask sum = 4865.0
batch 1405: mask sum = 5208.0
batch 1406: mask sum = 5648.0
batch 1407: mask sum = 4610.0
batch 1408: mask sum = 5392.0
batch 1409: mask sum = 5161.0
batch 1410: mask sum = 5592.0
iter 1410: loss 2.3105
batch 1411: mask sum = 5803.0
batch 1412: mask sum = 5463.0
batch 1413: mask sum = 5491.0
batch 1414: mask sum = 5490.0
batch 1415: mask sum = 5455.0
batch 1416: mask sum = 5642.0
batch 1417: mask sum = 5551.0
batch 1418: mask sum = 5327.0
batch 1419: mask sum = 5085.0
batch 1420: mask sum = 5591.0
iter 1420: loss 2.4493
batch 1421: mask sum = 5088.0
batch 1422: mask sum = 5294.0
batch 1423: mask sum = 5459.0
batch 1424: mask sum = 6046.0
batch 1425: mask sum = 5123.0
batch 1426: mask sum = 6111.0
batch 1427: mask sum = 5722.0
batch 1428: mask sum = 4924.0
batch 1429: mask sum = 4951.0
batch 1430: mask sum = 5280.0
iter 1430: loss 2.3255
batch 1431: mask sum = 5007.0
batch 1432: mask sum = 5961.0
batch 1433: mask sum = 5296.0
batch 1434: mask sum = 5803.0
batch 1435: mask sum = 5163.0
batch 1436: mask sum = 4765.0
batch 1437: mask sum = 4811.0
batch 1438: mask sum = 5902.0
batch 1439: mask sum = 5830.0
batch 1440: mask sum = 5843.0
iter 1440: loss 2.2356
batch 1441: mask sum = 5325.0
batch 1442: mask sum = 5239.0
batch 1443: mask sum = 5683.0
batch 1444: mask sum = 4453.0
batch 1445: mask sum = 5500.0
batch 1446: mask sum = 5885.0
batch 1447: mask sum = 5312.0
batch 1448: mask sum = 5835.0
batch 1449: mask sum = 5600.0
batch 1450: mask sum = 5593.0
iter 1450: loss 2.2782
batch 1451: mask sum = 5894.0
batch 1452: mask sum = 5467.0
batch 1453: mask sum = 5060.0
batch 1454: mask sum = 4552.0
batch 1455: mask sum = 5397.0
batch 1456: mask sum = 5322.0
batch 1457: mask sum = 4835.0
batch 1458: mask sum = 5191.0
batch 1459: mask sum = 5552.0
batch 1460: mask sum = 5639.0
iter 1460: loss 2.3234
batch 1461: mask sum = 5387.0
batch 1462: mask sum = 4913.0
batch 1463: mask sum = 5877.0
batch 1464: mask sum = 5748.0
batch 1465: mask sum = 5509.0
batch 1466: mask sum = 4621.0
batch 1467: mask sum = 5560.0
batch 1468: mask sum = 5584.0
batch 1469: mask sum = 5268.0
batch 1470: mask sum = 5747.0
iter 1470: loss 2.3043
batch 1471: mask sum = 5522.0
batch 1472: mask sum = 5142.0
batch 1473: mask sum = 5021.0
batch 1474: mask sum = 5597.0
batch 1475: mask sum = 5774.0
batch 1476: mask sum = 5402.0
batch 1477: mask sum = 5005.0
batch 1478: mask sum = 5482.0
batch 1479: mask sum = 5603.0
batch 1480: mask sum = 5731.0
iter 1480: loss 2.4274
batch 1481: mask sum = 4316.0
batch 1482: mask sum = 5310.0
batch 1483: mask sum = 5449.0
batch 1484: mask sum = 5949.0
batch 1485: mask sum = 4571.0
batch 1486: mask sum = 6075.0
batch 1487: mask sum = 5594.0
batch 1488: mask sum = 5692.0
batch 1489: mask sum = 5574.0
batch 1490: mask sum = 4627.0
iter 1490: loss 2.2891
batch 1491: mask sum = 4854.0
batch 1492: mask sum = 6069.0
batch 1493: mask sum = 5771.0
batch 1494: mask sum = 4541.0
batch 1495: mask sum = 5953.0
batch 1496: mask sum = 5932.0
batch 1497: mask sum = 5379.0
batch 1498: mask sum = 5090.0
batch 1499: mask sum = 5872.0
batch 1500: mask sum = 4966.0
iter 1500: loss 2.5951
batch 1501: mask sum = 5580.0
batch 1502: mask sum = 5225.0
batch 1503: mask sum = 5621.0
batch 1504: mask sum = 6136.0
batch 1505: mask sum = 5598.0
batch 1506: mask sum = 5596.0
batch 1507: mask sum = 4186.0
batch 1508: mask sum = 5006.0
batch 1509: mask sum = 6071.0
batch 1510: mask sum = 5511.0
iter 1510: loss 2.3222
batch 1511: mask sum = 4839.0
batch 1512: mask sum = 4788.0
batch 1513: mask sum = 5659.0
batch 1514: mask sum = 5021.0
batch 1515: mask sum = 5747.0
batch 1516: mask sum = 5436.0
batch 1517: mask sum = 4442.0
batch 1518: mask sum = 5632.0
batch 1519: mask sum = 5547.0
batch 1520: mask sum = 5464.0
iter 1520: loss 2.2483
batch 1521: mask sum = 5117.0
batch 1522: mask sum = 3626.0
batch 1523: mask sum = 5614.0
batch 1524: mask sum = 5451.0
batch 1525: mask sum = 5903.0
batch 1526: mask sum = 6010.0
batch 1527: mask sum = 5323.0
batch 1528: mask sum = 5550.0
batch 1529: mask sum = 4965.0
batch 1530: mask sum = 4974.0
iter 1530: loss 2.1605
batch 1531: mask sum = 5326.0
batch 1532: mask sum = 4992.0
batch 1533: mask sum = 5565.0
batch 1534: mask sum = 5575.0
batch 1535: mask sum = 5465.0
batch 1536: mask sum = 5781.0
batch 1537: mask sum = 5632.0
batch 1538: mask sum = 5742.0
batch 1539: mask sum = 5910.0
batch 1540: mask sum = 4623.0
iter 1540: loss 2.2851
batch 1541: mask sum = 4823.0
batch 1542: mask sum = 5857.0
batch 1543: mask sum = 5076.0
batch 1544: mask sum = 5261.0
batch 1545: mask sum = 5541.0
batch 1546: mask sum = 6045.0
batch 1547: mask sum = 5416.0
batch 1548: mask sum = 4926.0
batch 1549: mask sum = 5956.0
batch 1550: mask sum = 5374.0
iter 1550: loss 2.2248
batch 1551: mask sum = 5623.0
batch 1552: mask sum = 5985.0
batch 1553: mask sum = 4574.0
batch 1554: mask sum = 5928.0
batch 1555: mask sum = 5729.0
batch 1556: mask sum = 6101.0
batch 1557: mask sum = 5667.0
batch 1558: mask sum = 5760.0
batch 1559: mask sum = 5332.0
batch 1560: mask sum = 5463.0
iter 1560: loss 2.3449
batch 1561: mask sum = 5747.0
batch 1562: mask sum = 6108.0
batch 1563: mask sum = 4794.0
batch 1564: mask sum = 5781.0
batch 1565: mask sum = 5647.0
batch 1566: mask sum = 4774.0
batch 1567: mask sum = 5550.0
batch 1568: mask sum = 5400.0
batch 1569: mask sum = 5779.0
batch 1570: mask sum = 4566.0
iter 1570: loss 2.9000
batch 1571: mask sum = 5935.0
batch 1572: mask sum = 5269.0
batch 1573: mask sum = 5541.0
batch 1574: mask sum = 5940.0
batch 1575: mask sum = 5998.0
batch 1576: mask sum = 5890.0
batch 1577: mask sum = 5558.0
batch 1578: mask sum = 4892.0
batch 1579: mask sum = 5971.0
batch 1580: mask sum = 4961.0
iter 1580: loss 2.3649
batch 1581: mask sum = 5354.0
batch 1582: mask sum = 5354.0
batch 1583: mask sum = 5254.0
batch 1584: mask sum = 5632.0
batch 1585: mask sum = 5373.0
batch 1586: mask sum = 5453.0
batch 1587: mask sum = 5578.0
batch 1588: mask sum = 5611.0
batch 1589: mask sum = 4746.0
batch 1590: mask sum = 4917.0
iter 1590: loss 2.3516
batch 1591: mask sum = 5616.0
batch 1592: mask sum = 5175.0
batch 1593: mask sum = 4922.0
batch 1594: mask sum = 5401.0
batch 1595: mask sum = 5852.0
batch 1596: mask sum = 4825.0
batch 1597: mask sum = 5247.0
batch 1598: mask sum = 5595.0
batch 1599: mask sum = 5872.0
batch 1600: mask sum = 5291.0
iter 1600: loss 2.3646
step 1600: val loss 2.3111
batch 1601: mask sum = 5253.0
batch 1602: mask sum = 5897.0
batch 1603: mask sum = 5033.0
batch 1604: mask sum = 5710.0
batch 1605: mask sum = 5388.0
batch 1606: mask sum = 4775.0
batch 1607: mask sum = 5300.0
batch 1608: mask sum = 5005.0
batch 1609: mask sum = 4945.0
batch 1610: mask sum = 5670.0
iter 1610: loss 2.4707
batch 1611: mask sum = 5908.0
batch 1612: mask sum = 4454.0
batch 1613: mask sum = 6144.0
batch 1614: mask sum = 4815.0
batch 1615: mask sum = 5562.0
batch 1616: mask sum = 5812.0
batch 1617: mask sum = 5375.0
batch 1618: mask sum = 5447.0
batch 1619: mask sum = 5766.0
batch 1620: mask sum = 4961.0
iter 1620: loss 2.0696
batch 1621: mask sum = 5218.0
batch 1622: mask sum = 6088.0
batch 1623: mask sum = 4626.0
batch 1624: mask sum = 5924.0
batch 1625: mask sum = 5467.0
batch 1626: mask sum = 5955.0
batch 1627: mask sum = 5332.0
batch 1628: mask sum = 4270.0
batch 1629: mask sum = 4200.0
batch 1630: mask sum = 5379.0
iter 1630: loss 2.2636
batch 1631: mask sum = 5886.0
batch 1632: mask sum = 5403.0
batch 1633: mask sum = 5065.0
batch 1634: mask sum = 5453.0
batch 1635: mask sum = 4740.0
batch 1636: mask sum = 5596.0
batch 1637: mask sum = 5688.0
batch 1638: mask sum = 5610.0
batch 1639: mask sum = 5225.0
batch 1640: mask sum = 5962.0
iter 1640: loss 2.2257
batch 1641: mask sum = 5627.0
batch 1642: mask sum = 5872.0
batch 1643: mask sum = 5883.0
batch 1644: mask sum = 5356.0
batch 1645: mask sum = 5510.0
batch 1646: mask sum = 5940.0
batch 1647: mask sum = 5704.0
batch 1648: mask sum = 5785.0
batch 1649: mask sum = 5935.0
batch 1650: mask sum = 5261.0
iter 1650: loss 2.2291
batch 1651: mask sum = 5668.0
batch 1652: mask sum = 5765.0
batch 1653: mask sum = 5651.0
batch 1654: mask sum = 5617.0
batch 1655: mask sum = 6014.0
batch 1656: mask sum = 5298.0
batch 1657: mask sum = 5742.0
batch 1658: mask sum = 5317.0
batch 1659: mask sum = 5737.0
batch 1660: mask sum = 4410.0
iter 1660: loss 2.1425
batch 1661: mask sum = 5802.0
batch 1662: mask sum = 5585.0
batch 1663: mask sum = 5689.0
batch 1664: mask sum = 5946.0
batch 1665: mask sum = 5531.0
batch 1666: mask sum = 5316.0
batch 1667: mask sum = 4377.0
batch 1668: mask sum = 6127.0
batch 1669: mask sum = 5562.0
batch 1670: mask sum = 5597.0
iter 1670: loss 2.2683
batch 1671: mask sum = 5729.0
batch 1672: mask sum = 5391.0
batch 1673: mask sum = 5778.0
batch 1674: mask sum = 5557.0
batch 1675: mask sum = 6028.0
batch 1676: mask sum = 5451.0
batch 1677: mask sum = 5606.0
batch 1678: mask sum = 5772.0
batch 1679: mask sum = 6002.0
batch 1680: mask sum = 5395.0
iter 1680: loss 2.2415
batch 1681: mask sum = 5364.0
batch 1682: mask sum = 5588.0
batch 1683: mask sum = 5885.0
batch 1684: mask sum = 5529.0
batch 1685: mask sum = 6103.0
batch 1686: mask sum = 5644.0
batch 1687: mask sum = 5712.0
batch 1688: mask sum = 5060.0
batch 1689: mask sum = 6061.0
batch 1690: mask sum = 4906.0
iter 1690: loss 2.1446
batch 1691: mask sum = 5260.0
batch 1692: mask sum = 4822.0
batch 1693: mask sum = 5164.0
batch 1694: mask sum = 5155.0
batch 1695: mask sum = 5322.0
batch 1696: mask sum = 5737.0
batch 1697: mask sum = 6130.0
batch 1698: mask sum = 6002.0
batch 1699: mask sum = 5578.0
batch 1700: mask sum = 5314.0
iter 1700: loss 2.2099
batch 1701: mask sum = 4861.0
batch 1702: mask sum = 5463.0
batch 1703: mask sum = 5736.0
batch 1704: mask sum = 5507.0
batch 1705: mask sum = 4768.0
batch 1706: mask sum = 6012.0
batch 1707: mask sum = 5641.0
batch 1708: mask sum = 5479.0
batch 1709: mask sum = 4900.0
batch 1710: mask sum = 5018.0
iter 1710: loss 2.3129
batch 1711: mask sum = 5301.0
batch 1712: mask sum = 5333.0
batch 1713: mask sum = 5251.0
batch 1714: mask sum = 5182.0
batch 1715: mask sum = 5438.0
batch 1716: mask sum = 5739.0
batch 1717: mask sum = 4556.0
batch 1718: mask sum = 4642.0
batch 1719: mask sum = 4638.0
batch 1720: mask sum = 6014.0
iter 1720: loss 2.3264
batch 1721: mask sum = 5459.0
batch 1722: mask sum = 5613.0
batch 1723: mask sum = 5257.0
batch 1724: mask sum = 5334.0
batch 1725: mask sum = 5978.0
batch 1726: mask sum = 5986.0
batch 1727: mask sum = 5740.0
batch 1728: mask sum = 5823.0
batch 1729: mask sum = 5221.0
batch 1730: mask sum = 4958.0
iter 1730: loss 2.1531
batch 1731: mask sum = 6104.0
batch 1732: mask sum = 5620.0
batch 1733: mask sum = 5238.0
batch 1734: mask sum = 5700.0
batch 1735: mask sum = 5775.0
batch 1736: mask sum = 5572.0
batch 1737: mask sum = 5632.0
batch 1738: mask sum = 4898.0
batch 1739: mask sum = 5613.0
batch 1740: mask sum = 5810.0
iter 1740: loss 2.4595
batch 1741: mask sum = 5594.0
batch 1742: mask sum = 5908.0
batch 1743: mask sum = 5299.0
batch 1744: mask sum = 5603.0
batch 1745: mask sum = 4660.0
batch 1746: mask sum = 5415.0
batch 1747: mask sum = 5858.0
batch 1748: mask sum = 5607.0
batch 1749: mask sum = 5848.0
batch 1750: mask sum = 5989.0
iter 1750: loss 2.2361
batch 1751: mask sum = 5929.0
batch 1752: mask sum = 5002.0
batch 1753: mask sum = 5371.0
batch 1754: mask sum = 5683.0
batch 1755: mask sum = 5922.0
batch 1756: mask sum = 5390.0
batch 1757: mask sum = 5397.0
batch 1758: mask sum = 5409.0
batch 1759: mask sum = 5542.0
batch 1760: mask sum = 5556.0
iter 1760: loss 2.3351
batch 1761: mask sum = 5847.0
batch 1762: mask sum = 6030.0
batch 1763: mask sum = 5933.0
batch 1764: mask sum = 5260.0
batch 1765: mask sum = 5619.0
batch 1766: mask sum = 5975.0
batch 1767: mask sum = 5606.0
batch 1768: mask sum = 5950.0
batch 1769: mask sum = 5562.0
batch 1770: mask sum = 5377.0
iter 1770: loss 2.3779
batch 1771: mask sum = 5639.0
batch 1772: mask sum = 5233.0
batch 1773: mask sum = 6144.0
batch 1774: mask sum = 5761.0
batch 1775: mask sum = 5597.0
batch 1776: mask sum = 5868.0
batch 1777: mask sum = 6034.0
batch 1778: mask sum = 5918.0
batch 1779: mask sum = 5944.0
batch 1780: mask sum = 5766.0
iter 1780: loss 2.2579
batch 1781: mask sum = 5882.0
batch 1782: mask sum = 5665.0
batch 1783: mask sum = 5399.0
batch 1784: mask sum = 5832.0
batch 1785: mask sum = 4868.0
batch 1786: mask sum = 5481.0
batch 1787: mask sum = 4915.0
batch 1788: mask sum = 5908.0
batch 1789: mask sum = 5397.0
batch 1790: mask sum = 6015.0
iter 1790: loss 2.0675
batch 1791: mask sum = 5525.0
batch 1792: mask sum = 4356.0
batch 1793: mask sum = 5373.0
batch 1794: mask sum = 5638.0
batch 1795: mask sum = 5925.0
batch 1796: mask sum = 5944.0
batch 1797: mask sum = 5439.0
batch 1798: mask sum = 5134.0
batch 1799: mask sum = 5881.0
batch 1800: mask sum = 5291.0
iter 1800: loss 2.0967
step 1800: val loss 2.2956
batch 1801: mask sum = 5944.0
batch 1802: mask sum = 5892.0
batch 1803: mask sum = 5328.0
batch 1804: mask sum = 4613.0
batch 1805: mask sum = 5570.0
batch 1806: mask sum = 5905.0
batch 1807: mask sum = 5824.0
batch 1808: mask sum = 4810.0
batch 1809: mask sum = 5749.0
batch 1810: mask sum = 5937.0
iter 1810: loss 2.1756
batch 1811: mask sum = 4981.0
batch 1812: mask sum = 5160.0
batch 1813: mask sum = 4522.0
batch 1814: mask sum = 5028.0
batch 1815: mask sum = 5409.0
batch 1816: mask sum = 4952.0
batch 1817: mask sum = 4784.0
batch 1818: mask sum = 5347.0
batch 1819: mask sum = 5932.0
batch 1820: mask sum = 5954.0
iter 1820: loss 2.1982
batch 1821: mask sum = 5041.0
batch 1822: mask sum = 5012.0
batch 1823: mask sum = 3374.0
batch 1824: mask sum = 5005.0
batch 1825: mask sum = 5948.0
batch 1826: mask sum = 5677.0
batch 1827: mask sum = 5316.0
batch 1828: mask sum = 5207.0
batch 1829: mask sum = 5811.0
batch 1830: mask sum = 5844.0
iter 1830: loss 2.1448
batch 1831: mask sum = 5901.0
batch 1832: mask sum = 4847.0
batch 1833: mask sum = 5486.0
batch 1834: mask sum = 5770.0
batch 1835: mask sum = 5261.0
batch 1836: mask sum = 6001.0
batch 1837: mask sum = 6049.0
batch 1838: mask sum = 5890.0
batch 1839: mask sum = 5980.0
batch 1840: mask sum = 4596.0
iter 1840: loss 2.1528
batch 1841: mask sum = 5249.0
batch 1842: mask sum = 5200.0
batch 1843: mask sum = 4824.0
batch 1844: mask sum = 6045.0
batch 1845: mask sum = 5244.0
batch 1846: mask sum = 5789.0
batch 1847: mask sum = 4812.0
batch 1848: mask sum = 5293.0
batch 1849: mask sum = 5583.0
batch 1850: mask sum = 5902.0
iter 1850: loss 2.1591
batch 1851: mask sum = 5993.0
batch 1852: mask sum = 4642.0
batch 1853: mask sum = 5709.0
batch 1854: mask sum = 5802.0
batch 1855: mask sum = 5114.0
batch 1856: mask sum = 5149.0
batch 1857: mask sum = 5787.0
batch 1858: mask sum = 5939.0
batch 1859: mask sum = 5693.0
batch 1860: mask sum = 5825.0
iter 1860: loss 2.1039
batch 1861: mask sum = 5225.0
batch 1862: mask sum = 5139.0
batch 1863: mask sum = 5633.0
batch 1864: mask sum = 5888.0
batch 1865: mask sum = 5821.0
batch 1866: mask sum = 5548.0
batch 1867: mask sum = 5995.0
batch 1868: mask sum = 5245.0
batch 1869: mask sum = 4941.0
batch 1870: mask sum = 5223.0
iter 1870: loss 2.1584
batch 1871: mask sum = 5253.0
batch 1872: mask sum = 5743.0
batch 1873: mask sum = 5108.0
batch 1874: mask sum = 6045.0
batch 1875: mask sum = 5632.0
batch 1876: mask sum = 5786.0
batch 1877: mask sum = 5378.0
batch 1878: mask sum = 5731.0
batch 1879: mask sum = 5007.0
batch 1880: mask sum = 5464.0
iter 1880: loss 2.2787
batch 1881: mask sum = 5960.0
batch 1882: mask sum = 5651.0
batch 1883: mask sum = 5341.0
batch 1884: mask sum = 5917.0
batch 1885: mask sum = 5009.0
batch 1886: mask sum = 5627.0
batch 1887: mask sum = 5651.0
batch 1888: mask sum = 4947.0
batch 1889: mask sum = 4911.0
batch 1890: mask sum = 6035.0
iter 1890: loss 2.1696
batch 1891: mask sum = 5362.0
batch 1892: mask sum = 5835.0
batch 1893: mask sum = 2966.0
batch 1894: mask sum = 5561.0
batch 1895: mask sum = 5310.0
batch 1896: mask sum = 5477.0
batch 1897: mask sum = 5446.0
batch 1898: mask sum = 5140.0
batch 1899: mask sum = 5774.0
batch 1900: mask sum = 5946.0
iter 1900: loss 2.0233
batch 1901: mask sum = 5640.0
batch 1902: mask sum = 5893.0
batch 1903: mask sum = 6063.0
batch 1904: mask sum = 5245.0
batch 1905: mask sum = 5885.0
batch 1906: mask sum = 5410.0
batch 1907: mask sum = 4683.0
batch 1908: mask sum = 5349.0
batch 1909: mask sum = 4967.0
batch 1910: mask sum = 4660.0
iter 1910: loss 2.1918
batch 1911: mask sum = 5615.0
batch 1912: mask sum = 4779.0
batch 1913: mask sum = 5472.0
batch 1914: mask sum = 5135.0
batch 1915: mask sum = 5988.0
batch 1916: mask sum = 5341.0
batch 1917: mask sum = 5050.0
batch 1918: mask sum = 5405.0
batch 1919: mask sum = 5913.0
batch 1920: mask sum = 5793.0
iter 1920: loss 2.1446
batch 1921: mask sum = 6007.0
batch 1922: mask sum = 6027.0
batch 1923: mask sum = 5520.0
batch 1924: mask sum = 5574.0
batch 1925: mask sum = 5462.0
batch 1926: mask sum = 6144.0
batch 1927: mask sum = 5667.0
batch 1928: mask sum = 4950.0
batch 1929: mask sum = 5367.0
batch 1930: mask sum = 4662.0
iter 1930: loss 2.4048
batch 1931: mask sum = 5061.0
batch 1932: mask sum = 3812.0
batch 1933: mask sum = 4862.0
batch 1934: mask sum = 4875.0
batch 1935: mask sum = 5396.0
batch 1936: mask sum = 6005.0
batch 1937: mask sum = 5557.0
batch 1938: mask sum = 5235.0
batch 1939: mask sum = 5378.0
batch 1940: mask sum = 5044.0
iter 1940: loss 2.1234
batch 1941: mask sum = 5380.0
batch 1942: mask sum = 5598.0
batch 1943: mask sum = 4466.0
batch 1944: mask sum = 5985.0
batch 1945: mask sum = 5917.0
batch 1946: mask sum = 6113.0
batch 1947: mask sum = 6073.0
batch 1948: mask sum = 5074.0
batch 1949: mask sum = 5502.0
batch 1950: mask sum = 5094.0
iter 1950: loss 2.0628
batch 1951: mask sum = 4752.0
batch 1952: mask sum = 5452.0
batch 1953: mask sum = 5489.0
batch 1954: mask sum = 4570.0
batch 1955: mask sum = 5851.0
batch 1956: mask sum = 5362.0
batch 1957: mask sum = 5606.0
batch 1958: mask sum = 5630.0
batch 1959: mask sum = 5848.0
batch 1960: mask sum = 6048.0
iter 1960: loss 2.0919
batch 1961: mask sum = 5970.0
batch 1962: mask sum = 5799.0
batch 1963: mask sum = 6014.0
batch 1964: mask sum = 4520.0
batch 1965: mask sum = 5413.0
batch 1966: mask sum = 5430.0
batch 1967: mask sum = 4966.0
batch 1968: mask sum = 5258.0
batch 1969: mask sum = 5317.0
batch 1970: mask sum = 5461.0
iter 1970: loss 2.2371
batch 1971: mask sum = 5261.0
batch 1972: mask sum = 5381.0
batch 1973: mask sum = 5218.0
batch 1974: mask sum = 5769.0
batch 1975: mask sum = 5140.0
batch 1976: mask sum = 5823.0
batch 1977: mask sum = 5409.0
batch 1978: mask sum = 5920.0
batch 1979: mask sum = 5510.0
batch 1980: mask sum = 5929.0
iter 1980: loss 2.2275
batch 1981: mask sum = 5660.0
batch 1982: mask sum = 5585.0
batch 1983: mask sum = 5264.0
batch 1984: mask sum = 4796.0
batch 1985: mask sum = 5091.0
batch 1986: mask sum = 6046.0
batch 1987: mask sum = 5449.0
batch 1988: mask sum = 4715.0
batch 1989: mask sum = 5277.0
batch 1990: mask sum = 5119.0
iter 1990: loss 2.1225
batch 1991: mask sum = 5639.0
batch 1992: mask sum = 5830.0
batch 1993: mask sum = 5478.0
batch 1994: mask sum = 5207.0
batch 1995: mask sum = 4938.0
batch 1996: mask sum = 5484.0
batch 1997: mask sum = 5943.0
batch 1998: mask sum = 4735.0
batch 1999: mask sum = 5161.0
batch 2000: mask sum = 5846.0
iter 2000: loss 2.3954
step 2000: val loss 2.1981
batch 2001: mask sum = 5377.0
batch 2002: mask sum = 4791.0
batch 2003: mask sum = 5919.0
batch 2004: mask sum = 5367.0
batch 2005: mask sum = 5199.0
batch 2006: mask sum = 5001.0
batch 2007: mask sum = 5409.0
batch 2008: mask sum = 5659.0
batch 2009: mask sum = 5071.0
batch 2010: mask sum = 6111.0
iter 2010: loss 2.1701
batch 2011: mask sum = 4501.0
batch 2012: mask sum = 5837.0
batch 2013: mask sum = 5633.0
batch 2014: mask sum = 5220.0
batch 2015: mask sum = 5738.0
batch 2016: mask sum = 5289.0
batch 2017: mask sum = 5138.0
batch 2018: mask sum = 5187.0
batch 2019: mask sum = 5838.0
batch 2020: mask sum = 5089.0
iter 2020: loss 2.1161
batch 2021: mask sum = 6057.0
batch 2022: mask sum = 6144.0
batch 2023: mask sum = 5407.0
batch 2024: mask sum = 5709.0
batch 2025: mask sum = 5558.0
batch 2026: mask sum = 5912.0
batch 2027: mask sum = 4786.0
batch 2028: mask sum = 5763.0
batch 2029: mask sum = 5290.0
batch 2030: mask sum = 5473.0
iter 2030: loss 2.1165
batch 2031: mask sum = 5437.0
batch 2032: mask sum = 5985.0
batch 2033: mask sum = 6063.0
batch 2034: mask sum = 5870.0
batch 2035: mask sum = 5212.0
batch 2036: mask sum = 5318.0
batch 2037: mask sum = 5400.0
batch 2038: mask sum = 5566.0
batch 2039: mask sum = 5374.0
batch 2040: mask sum = 6144.0
iter 2040: loss 2.1351
batch 2041: mask sum = 5389.0
batch 2042: mask sum = 5758.0
batch 2043: mask sum = 4151.0
batch 2044: mask sum = 5455.0
batch 2045: mask sum = 5757.0
batch 2046: mask sum = 5378.0
batch 2047: mask sum = 5585.0
batch 2048: mask sum = 5223.0
batch 2049: mask sum = 5752.0
batch 2050: mask sum = 5093.0
iter 2050: loss 2.1764
batch 2051: mask sum = 5554.0
batch 2052: mask sum = 5673.0
batch 2053: mask sum = 5117.0
batch 2054: mask sum = 6035.0
batch 2055: mask sum = 5499.0
batch 2056: mask sum = 5732.0
batch 2057: mask sum = 5745.0
batch 2058: mask sum = 5627.0
batch 2059: mask sum = 5803.0
batch 2060: mask sum = 5444.0
iter 2060: loss 2.3871
batch 2061: mask sum = 4760.0
batch 2062: mask sum = 4915.0
batch 2063: mask sum = 5784.0
batch 2064: mask sum = 5518.0
batch 2065: mask sum = 5847.0
batch 2066: mask sum = 5668.0
batch 2067: mask sum = 5629.0
batch 2068: mask sum = 4163.0
batch 2069: mask sum = 5200.0
batch 2070: mask sum = 5128.0
iter 2070: loss 2.0089
batch 2071: mask sum = 6050.0
batch 2072: mask sum = 5904.0
batch 2073: mask sum = 6033.0
batch 2074: mask sum = 5499.0
batch 2075: mask sum = 5204.0
batch 2076: mask sum = 5591.0
batch 2077: mask sum = 4966.0
batch 2078: mask sum = 5037.0
batch 2079: mask sum = 4005.0
batch 2080: mask sum = 5787.0
iter 2080: loss 1.9970
batch 2081: mask sum = 5191.0
batch 2082: mask sum = 5643.0
batch 2083: mask sum = 5120.0
batch 2084: mask sum = 5057.0
batch 2085: mask sum = 4706.0
batch 2086: mask sum = 5121.0
batch 2087: mask sum = 5848.0
batch 2088: mask sum = 5105.0
batch 2089: mask sum = 5071.0
batch 2090: mask sum = 5589.0
iter 2090: loss 2.0178
batch 2091: mask sum = 5759.0
batch 2092: mask sum = 5587.0
batch 2093: mask sum = 5185.0
batch 2094: mask sum = 5787.0
batch 2095: mask sum = 5115.0
batch 2096: mask sum = 5011.0
batch 2097: mask sum = 5699.0
batch 2098: mask sum = 6108.0
batch 2099: mask sum = 5173.0
batch 2100: mask sum = 5994.0
iter 2100: loss 2.0930
batch 2101: mask sum = 5618.0
batch 2102: mask sum = 5267.0
batch 2103: mask sum = 3825.0
batch 2104: mask sum = 5866.0
batch 2105: mask sum = 5174.0
batch 2106: mask sum = 5160.0
batch 2107: mask sum = 5390.0
batch 2108: mask sum = 5554.0
batch 2109: mask sum = 5709.0
batch 2110: mask sum = 5203.0
iter 2110: loss 1.9146
batch 2111: mask sum = 5060.0
batch 2112: mask sum = 5611.0
batch 2113: mask sum = 4224.0
batch 2114: mask sum = 6127.0
batch 2115: mask sum = 5487.0
batch 2116: mask sum = 5483.0
batch 2117: mask sum = 4963.0
batch 2118: mask sum = 5422.0
batch 2119: mask sum = 5956.0
batch 2120: mask sum = 5483.0
iter 2120: loss 1.9814
batch 2121: mask sum = 5760.0
batch 2122: mask sum = 4864.0
batch 2123: mask sum = 5119.0
batch 2124: mask sum = 4411.0
batch 2125: mask sum = 4810.0
batch 2126: mask sum = 5275.0
batch 2127: mask sum = 5516.0
batch 2128: mask sum = 5326.0
batch 2129: mask sum = 5705.0
batch 2130: mask sum = 5160.0
iter 2130: loss 2.0131
batch 2131: mask sum = 5461.0
batch 2132: mask sum = 6144.0
batch 2133: mask sum = 5060.0
batch 2134: mask sum = 6019.0
batch 2135: mask sum = 5473.0
batch 2136: mask sum = 5462.0
batch 2137: mask sum = 5266.0
batch 2138: mask sum = 6048.0
batch 2139: mask sum = 5657.0
batch 2140: mask sum = 4969.0
iter 2140: loss 1.9807
batch 2141: mask sum = 5568.0
batch 2142: mask sum = 5537.0
batch 2143: mask sum = 5741.0
batch 2144: mask sum = 6004.0
batch 2145: mask sum = 5393.0
batch 2146: mask sum = 5587.0
batch 2147: mask sum = 5804.0
batch 2148: mask sum = 5608.0
batch 2149: mask sum = 5907.0
batch 2150: mask sum = 5359.0
iter 2150: loss 2.1048
batch 2151: mask sum = 5908.0
batch 2152: mask sum = 5487.0
batch 2153: mask sum = 5825.0
batch 2154: mask sum = 4841.0
batch 2155: mask sum = 4810.0
batch 2156: mask sum = 5375.0
batch 2157: mask sum = 4537.0
batch 2158: mask sum = 5365.0
batch 2159: mask sum = 5154.0
batch 2160: mask sum = 5922.0
iter 2160: loss 2.0788
batch 2161: mask sum = 5497.0
batch 2162: mask sum = 5510.0
batch 2163: mask sum = 5375.0
batch 2164: mask sum = 5845.0
batch 2165: mask sum = 5926.0
batch 2166: mask sum = 5440.0
batch 2167: mask sum = 5538.0
batch 2168: mask sum = 4787.0
batch 2169: mask sum = 4957.0
batch 2170: mask sum = 5824.0
iter 2170: loss 1.9662
batch 2171: mask sum = 6108.0
batch 2172: mask sum = 5364.0
batch 2173: mask sum = 5992.0
batch 2174: mask sum = 5986.0
batch 2175: mask sum = 4805.0
batch 2176: mask sum = 4839.0
batch 2177: mask sum = 5751.0
batch 2178: mask sum = 5824.0
batch 2179: mask sum = 5810.0
batch 2180: mask sum = 6025.0
iter 2180: loss 2.1615
batch 2181: mask sum = 5593.0
batch 2182: mask sum = 5969.0
batch 2183: mask sum = 4952.0
batch 2184: mask sum = 5560.0
batch 2185: mask sum = 5152.0
batch 2186: mask sum = 5469.0
batch 2187: mask sum = 5761.0
batch 2188: mask sum = 5691.0
batch 2189: mask sum = 5747.0
batch 2190: mask sum = 5170.0
iter 2190: loss 2.1448
batch 2191: mask sum = 6024.0
batch 2192: mask sum = 5339.0
batch 2193: mask sum = 5256.0
batch 2194: mask sum = 5317.0
batch 2195: mask sum = 5572.0
batch 2196: mask sum = 5435.0
batch 2197: mask sum = 4761.0
batch 2198: mask sum = 5354.0
batch 2199: mask sum = 5131.0
batch 2200: mask sum = 6027.0
iter 2200: loss 2.0134
step 2200: val loss 2.1883
batch 2201: mask sum = 5593.0
batch 2202: mask sum = 6129.0
batch 2203: mask sum = 5675.0
batch 2204: mask sum = 5567.0
batch 2205: mask sum = 5859.0
batch 2206: mask sum = 5569.0
batch 2207: mask sum = 5850.0
batch 2208: mask sum = 5397.0
batch 2209: mask sum = 4848.0
batch 2210: mask sum = 5105.0
iter 2210: loss 2.0444
batch 2211: mask sum = 5903.0
batch 2212: mask sum = 5030.0
batch 2213: mask sum = 5989.0
batch 2214: mask sum = 5384.0
batch 2215: mask sum = 5769.0
batch 2216: mask sum = 5133.0
batch 2217: mask sum = 5692.0
batch 2218: mask sum = 5885.0
batch 2219: mask sum = 5013.0
batch 2220: mask sum = 6020.0
iter 2220: loss 1.9853
batch 2221: mask sum = 4958.0
batch 2222: mask sum = 5644.0
batch 2223: mask sum = 5375.0
batch 2224: mask sum = 5868.0
batch 2225: mask sum = 5394.0
batch 2226: mask sum = 5077.0
batch 2227: mask sum = 5714.0
batch 2228: mask sum = 5842.0
batch 2229: mask sum = 5888.0
batch 2230: mask sum = 5610.0
iter 2230: loss 2.1486
batch 2231: mask sum = 5218.0
batch 2232: mask sum = 5559.0
batch 2233: mask sum = 5211.0
batch 2234: mask sum = 5443.0
batch 2235: mask sum = 5523.0
batch 2236: mask sum = 5764.0
batch 2237: mask sum = 5071.0
batch 2238: mask sum = 5309.0
batch 2239: mask sum = 5442.0
batch 2240: mask sum = 5714.0
iter 2240: loss 2.0194
batch 2241: mask sum = 5720.0
batch 2242: mask sum = 5811.0
batch 2243: mask sum = 5962.0
batch 2244: mask sum = 5053.0
batch 2245: mask sum = 5950.0
batch 2246: mask sum = 4433.0
batch 2247: mask sum = 5543.0
batch 2248: mask sum = 5028.0
batch 2249: mask sum = 5782.0
batch 2250: mask sum = 5400.0
iter 2250: loss 2.1397
batch 2251: mask sum = 5840.0
batch 2252: mask sum = 5122.0
batch 2253: mask sum = 5635.0
batch 2254: mask sum = 5258.0
batch 2255: mask sum = 5805.0
batch 2256: mask sum = 5848.0
batch 2257: mask sum = 5521.0
batch 2258: mask sum = 5539.0
batch 2259: mask sum = 6068.0
batch 2260: mask sum = 5328.0
iter 2260: loss 1.9253
batch 2261: mask sum = 4534.0
batch 2262: mask sum = 5672.0
batch 2263: mask sum = 5643.0
batch 2264: mask sum = 4893.0
batch 2265: mask sum = 5902.0
batch 2266: mask sum = 5737.0
batch 2267: mask sum = 5278.0
batch 2268: mask sum = 5473.0
batch 2269: mask sum = 5264.0
batch 2270: mask sum = 5554.0
iter 2270: loss 2.0122
batch 2271: mask sum = 4755.0
batch 2272: mask sum = 6105.0
batch 2273: mask sum = 6034.0
batch 2274: mask sum = 6139.0
batch 2275: mask sum = 5236.0
batch 2276: mask sum = 5530.0
batch 2277: mask sum = 5237.0
batch 2278: mask sum = 5974.0
batch 2279: mask sum = 5882.0
batch 2280: mask sum = 5816.0
iter 2280: loss 2.0290
batch 2281: mask sum = 5973.0
batch 2282: mask sum = 5416.0
batch 2283: mask sum = 4171.0
batch 2284: mask sum = 5118.0
batch 2285: mask sum = 5831.0
batch 2286: mask sum = 5580.0
batch 2287: mask sum = 5923.0
batch 2288: mask sum = 5382.0
batch 2289: mask sum = 5572.0
batch 2290: mask sum = 5460.0
iter 2290: loss 2.0350
batch 2291: mask sum = 5613.0
batch 2292: mask sum = 5717.0
batch 2293: mask sum = 5919.0
batch 2294: mask sum = 4935.0
batch 2295: mask sum = 5751.0
batch 2296: mask sum = 5676.0
batch 2297: mask sum = 5472.0
batch 2298: mask sum = 6070.0
batch 2299: mask sum = 5829.0
batch 2300: mask sum = 5645.0
iter 2300: loss 2.1044
batch 2301: mask sum = 6144.0
batch 2302: mask sum = 5118.0
batch 2303: mask sum = 5674.0
batch 2304: mask sum = 5780.0
batch 2305: mask sum = 5295.0
batch 2306: mask sum = 5885.0
batch 2307: mask sum = 5917.0
batch 2308: mask sum = 5574.0
batch 2309: mask sum = 5260.0
batch 2310: mask sum = 6094.0
iter 2310: loss 1.9808
batch 2311: mask sum = 5739.0
batch 2312: mask sum = 5813.0
batch 2313: mask sum = 5020.0
batch 2314: mask sum = 5539.0
batch 2315: mask sum = 6074.0
batch 2316: mask sum = 5587.0
batch 2317: mask sum = 5197.0
batch 2318: mask sum = 5412.0
batch 2319: mask sum = 5272.0
batch 2320: mask sum = 5399.0
iter 2320: loss 2.1435
batch 2321: mask sum = 5275.0
batch 2322: mask sum = 5481.0
batch 2323: mask sum = 4249.0
batch 2324: mask sum = 5587.0
batch 2325: mask sum = 6000.0
batch 2326: mask sum = 5232.0
batch 2327: mask sum = 5433.0
batch 2328: mask sum = 6140.0
batch 2329: mask sum = 5763.0
batch 2330: mask sum = 5665.0
iter 2330: loss 2.2001
batch 2331: mask sum = 5289.0
batch 2332: mask sum = 5791.0
batch 2333: mask sum = 5157.0
batch 2334: mask sum = 5825.0
batch 2335: mask sum = 5140.0
batch 2336: mask sum = 5728.0
batch 2337: mask sum = 5736.0
batch 2338: mask sum = 4477.0
batch 2339: mask sum = 5854.0
batch 2340: mask sum = 5786.0
iter 2340: loss 1.9367
batch 2341: mask sum = 5543.0
batch 2342: mask sum = 5349.0
batch 2343: mask sum = 4795.0
batch 2344: mask sum = 6012.0
batch 2345: mask sum = 5960.0
batch 2346: mask sum = 4963.0
batch 2347: mask sum = 5659.0
batch 2348: mask sum = 5366.0
batch 2349: mask sum = 4978.0
batch 2350: mask sum = 5399.0
iter 2350: loss 1.8370
batch 2351: mask sum = 5921.0
batch 2352: mask sum = 4775.0
batch 2353: mask sum = 5997.0
batch 2354: mask sum = 4161.0
batch 2355: mask sum = 5579.0
batch 2356: mask sum = 5538.0
batch 2357: mask sum = 3864.0
batch 2358: mask sum = 5397.0
batch 2359: mask sum = 4574.0
batch 2360: mask sum = 5071.0
iter 2360: loss 1.9502
batch 2361: mask sum = 5808.0
batch 2362: mask sum = 5524.0
batch 2363: mask sum = 5948.0
batch 2364: mask sum = 5729.0
batch 2365: mask sum = 5841.0
batch 2366: mask sum = 4923.0
batch 2367: mask sum = 5788.0
batch 2368: mask sum = 5399.0
batch 2369: mask sum = 5483.0
batch 2370: mask sum = 5474.0
iter 2370: loss 2.1302
batch 2371: mask sum = 5278.0
batch 2372: mask sum = 5986.0
batch 2373: mask sum = 5047.0
batch 2374: mask sum = 5301.0
batch 2375: mask sum = 5161.0
batch 2376: mask sum = 5946.0
batch 2377: mask sum = 4746.0
batch 2378: mask sum = 5162.0
batch 2379: mask sum = 5678.0
batch 2380: mask sum = 4967.0
iter 2380: loss 2.0881
batch 2381: mask sum = 6144.0
batch 2382: mask sum = 4682.0
batch 2383: mask sum = 6053.0
batch 2384: mask sum = 5778.0
batch 2385: mask sum = 5109.0
batch 2386: mask sum = 5120.0
batch 2387: mask sum = 5873.0
batch 2388: mask sum = 5085.0
batch 2389: mask sum = 5624.0
batch 2390: mask sum = 4420.0
iter 2390: loss 2.0184
batch 2391: mask sum = 5456.0
batch 2392: mask sum = 5656.0
batch 2393: mask sum = 5354.0
batch 2394: mask sum = 5121.0
batch 2395: mask sum = 4926.0
batch 2396: mask sum = 5557.0
batch 2397: mask sum = 5337.0
batch 2398: mask sum = 4911.0
batch 2399: mask sum = 5726.0
batch 2400: mask sum = 6073.0
iter 2400: loss 1.9632
step 2400: val loss 2.1440
batch 2401: mask sum = 5866.0
batch 2402: mask sum = 5334.0
batch 2403: mask sum = 5751.0
batch 2404: mask sum = 6066.0
batch 2405: mask sum = 5651.0
batch 2406: mask sum = 5948.0
batch 2407: mask sum = 5538.0
batch 2408: mask sum = 5914.0
batch 2409: mask sum = 5040.0
batch 2410: mask sum = 5488.0
iter 2410: loss 2.1383
batch 2411: mask sum = 5492.0
batch 2412: mask sum = 5416.0
batch 2413: mask sum = 5799.0
batch 2414: mask sum = 5725.0
batch 2415: mask sum = 5351.0
batch 2416: mask sum = 5751.0
batch 2417: mask sum = 6042.0
batch 2418: mask sum = 5944.0
batch 2419: mask sum = 5280.0
batch 2420: mask sum = 5894.0
iter 2420: loss 1.9630
batch 2421: mask sum = 4754.0
batch 2422: mask sum = 5453.0
batch 2423: mask sum = 5377.0
batch 2424: mask sum = 5270.0
batch 2425: mask sum = 5553.0
batch 2426: mask sum = 5321.0
batch 2427: mask sum = 4549.0
batch 2428: mask sum = 5166.0
batch 2429: mask sum = 5019.0
batch 2430: mask sum = 5499.0
iter 2430: loss 1.9059
batch 2431: mask sum = 5261.0
batch 2432: mask sum = 5762.0
batch 2433: mask sum = 5508.0
batch 2434: mask sum = 5130.0
batch 2435: mask sum = 5913.0
batch 2436: mask sum = 6093.0
batch 2437: mask sum = 6015.0
batch 2438: mask sum = 4702.0
batch 2439: mask sum = 5499.0
batch 2440: mask sum = 5850.0
iter 2440: loss 2.0026
batch 2441: mask sum = 5587.0
batch 2442: mask sum = 5829.0
batch 2443: mask sum = 5562.0
batch 2444: mask sum = 5576.0
batch 2445: mask sum = 5823.0
batch 2446: mask sum = 6050.0
batch 2447: mask sum = 5613.0
batch 2448: mask sum = 6018.0
batch 2449: mask sum = 5232.0
batch 2450: mask sum = 5562.0
iter 2450: loss 2.0617
batch 2451: mask sum = 5497.0
batch 2452: mask sum = 6144.0
batch 2453: mask sum = 5269.0
batch 2454: mask sum = 5990.0
batch 2455: mask sum = 5409.0
batch 2456: mask sum = 5627.0
batch 2457: mask sum = 5489.0
batch 2458: mask sum = 5016.0
batch 2459: mask sum = 4709.0
batch 2460: mask sum = 5661.0
iter 2460: loss 1.9605
batch 2461: mask sum = 5226.0
batch 2462: mask sum = 4771.0
batch 2463: mask sum = 5898.0
batch 2464: mask sum = 5830.0
batch 2465: mask sum = 5442.0
batch 2466: mask sum = 5804.0
batch 2467: mask sum = 5993.0
batch 2468: mask sum = 5557.0
batch 2469: mask sum = 5114.0
batch 2470: mask sum = 5895.0
iter 2470: loss 2.0492
batch 2471: mask sum = 5084.0
batch 2472: mask sum = 5515.0
batch 2473: mask sum = 4876.0
batch 2474: mask sum = 5086.0
batch 2475: mask sum = 5504.0
batch 2476: mask sum = 5813.0
batch 2477: mask sum = 5298.0
batch 2478: mask sum = 5361.0
batch 2479: mask sum = 4517.0
batch 2480: mask sum = 5501.0
iter 2480: loss 2.0258
batch 2481: mask sum = 4611.0
batch 2482: mask sum = 5589.0
batch 2483: mask sum = 5341.0
batch 2484: mask sum = 5151.0
batch 2485: mask sum = 5826.0
batch 2486: mask sum = 5394.0
batch 2487: mask sum = 5906.0
batch 2488: mask sum = 6081.0
batch 2489: mask sum = 5737.0
batch 2490: mask sum = 5758.0
iter 2490: loss 1.9681
batch 2491: mask sum = 5616.0
batch 2492: mask sum = 5670.0
batch 2493: mask sum = 5127.0
batch 2494: mask sum = 5506.0
batch 2495: mask sum = 5545.0
batch 2496: mask sum = 6059.0
batch 2497: mask sum = 5503.0
batch 2498: mask sum = 5631.0
batch 2499: mask sum = 5561.0
batch 2500: mask sum = 5711.0
iter 2500: loss 1.9082
batch 2501: mask sum = 5611.0
batch 2502: mask sum = 5734.0
batch 2503: mask sum = 5638.0
batch 2504: mask sum = 5716.0
batch 2505: mask sum = 5311.0
batch 2506: mask sum = 5684.0
batch 2507: mask sum = 5003.0
batch 2508: mask sum = 6144.0
batch 2509: mask sum = 5178.0
batch 2510: mask sum = 5527.0
iter 2510: loss 2.0120
batch 2511: mask sum = 4506.0
batch 2512: mask sum = 5532.0
batch 2513: mask sum = 5619.0
batch 2514: mask sum = 6084.0
batch 2515: mask sum = 5425.0
batch 2516: mask sum = 6103.0
batch 2517: mask sum = 5553.0
batch 2518: mask sum = 5489.0
batch 2519: mask sum = 5727.0
batch 2520: mask sum = 4947.0
iter 2520: loss 2.0285
batch 2521: mask sum = 4643.0
batch 2522: mask sum = 5236.0
batch 2523: mask sum = 4882.0
batch 2524: mask sum = 5914.0
batch 2525: mask sum = 5306.0
batch 2526: mask sum = 6112.0
batch 2527: mask sum = 5989.0
batch 2528: mask sum = 5943.0
batch 2529: mask sum = 5753.0
batch 2530: mask sum = 5835.0
iter 2530: loss 1.9757
batch 2531: mask sum = 5418.0
batch 2532: mask sum = 5526.0
batch 2533: mask sum = 5452.0
batch 2534: mask sum = 5575.0
batch 2535: mask sum = 5174.0
batch 2536: mask sum = 5617.0
batch 2537: mask sum = 4876.0
batch 2538: mask sum = 5863.0
batch 2539: mask sum = 5913.0
batch 2540: mask sum = 5835.0
iter 2540: loss 2.0166
batch 2541: mask sum = 5673.0
batch 2542: mask sum = 5112.0
batch 2543: mask sum = 6075.0
batch 2544: mask sum = 4882.0
batch 2545: mask sum = 6041.0
batch 2546: mask sum = 5255.0
batch 2547: mask sum = 5302.0
batch 2548: mask sum = 5486.0
batch 2549: mask sum = 5541.0
batch 2550: mask sum = 5465.0
iter 2550: loss 2.0122
batch 2551: mask sum = 5293.0
batch 2552: mask sum = 5887.0
batch 2553: mask sum = 5367.0
batch 2554: mask sum = 4751.0
batch 2555: mask sum = 5890.0
batch 2556: mask sum = 5144.0
batch 2557: mask sum = 5720.0
batch 2558: mask sum = 5463.0
batch 2559: mask sum = 5458.0
batch 2560: mask sum = 5319.0
iter 2560: loss 2.1088
batch 2561: mask sum = 5243.0
batch 2562: mask sum = 5037.0
batch 2563: mask sum = 5172.0
batch 2564: mask sum = 5431.0
batch 2565: mask sum = 5311.0
batch 2566: mask sum = 5632.0
batch 2567: mask sum = 5298.0
batch 2568: mask sum = 5704.0
batch 2569: mask sum = 5769.0
batch 2570: mask sum = 5578.0
iter 2570: loss 2.0705
batch 2571: mask sum = 5674.0
batch 2572: mask sum = 5392.0
batch 2573: mask sum = 5610.0
batch 2574: mask sum = 5276.0
batch 2575: mask sum = 5184.0
batch 2576: mask sum = 5376.0
batch 2577: mask sum = 5994.0
batch 2578: mask sum = 5412.0
batch 2579: mask sum = 6045.0
batch 2580: mask sum = 5530.0
iter 2580: loss 1.9759
batch 2581: mask sum = 5818.0
batch 2582: mask sum = 6119.0
batch 2583: mask sum = 5639.0
batch 2584: mask sum = 6076.0
batch 2585: mask sum = 5699.0
batch 2586: mask sum = 5603.0
batch 2587: mask sum = 5628.0
batch 2588: mask sum = 5787.0
batch 2589: mask sum = 5987.0
batch 2590: mask sum = 5219.0
iter 2590: loss 2.0769
batch 2591: mask sum = 5732.0
batch 2592: mask sum = 5451.0
batch 2593: mask sum = 5757.0
batch 2594: mask sum = 5360.0
batch 2595: mask sum = 5270.0
batch 2596: mask sum = 5012.0
batch 2597: mask sum = 5767.0
batch 2598: mask sum = 5781.0
batch 2599: mask sum = 5578.0
batch 2600: mask sum = 5443.0
iter 2600: loss 1.9349
step 2600: val loss 2.1586
batch 2601: mask sum = 6105.0
batch 2602: mask sum = 5443.0
batch 2603: mask sum = 5462.0
batch 2604: mask sum = 4608.0
batch 2605: mask sum = 5997.0
batch 2606: mask sum = 5188.0
batch 2607: mask sum = 5734.0
batch 2608: mask sum = 5961.0
batch 2609: mask sum = 5242.0
batch 2610: mask sum = 5484.0
iter 2610: loss 1.9225
batch 2611: mask sum = 5928.0
batch 2612: mask sum = 5405.0
batch 2613: mask sum = 5402.0
batch 2614: mask sum = 5636.0
batch 2615: mask sum = 4576.0
batch 2616: mask sum = 5517.0
batch 2617: mask sum = 5328.0
batch 2618: mask sum = 5504.0
batch 2619: mask sum = 4467.0
batch 2620: mask sum = 5501.0
iter 2620: loss 1.9272
batch 2621: mask sum = 5249.0
batch 2622: mask sum = 6051.0
batch 2623: mask sum = 4664.0
batch 2624: mask sum = 5531.0
batch 2625: mask sum = 5960.0
batch 2626: mask sum = 5785.0
batch 2627: mask sum = 5322.0
batch 2628: mask sum = 5947.0
batch 2629: mask sum = 6028.0
batch 2630: mask sum = 6011.0
iter 2630: loss 1.9699
batch 2631: mask sum = 5162.0
batch 2632: mask sum = 5813.0
batch 2633: mask sum = 5838.0
batch 2634: mask sum = 5143.0
batch 2635: mask sum = 5026.0
batch 2636: mask sum = 5701.0
batch 2637: mask sum = 5913.0
batch 2638: mask sum = 5848.0
batch 2639: mask sum = 5471.0
batch 2640: mask sum = 6011.0
iter 2640: loss 1.9252
batch 2641: mask sum = 5235.0
batch 2642: mask sum = 5940.0
batch 2643: mask sum = 5299.0
batch 2644: mask sum = 6135.0
batch 2645: mask sum = 5226.0
batch 2646: mask sum = 5870.0
batch 2647: mask sum = 5042.0
batch 2648: mask sum = 5451.0
batch 2649: mask sum = 5804.0
batch 2650: mask sum = 4911.0
iter 2650: loss 2.2858
batch 2651: mask sum = 5685.0
batch 2652: mask sum = 5834.0
batch 2653: mask sum = 5771.0
batch 2654: mask sum = 5851.0
batch 2655: mask sum = 5721.0
batch 2656: mask sum = 4904.0
batch 2657: mask sum = 4882.0
batch 2658: mask sum = 5867.0
batch 2659: mask sum = 5874.0
batch 2660: mask sum = 5922.0
iter 2660: loss 1.8443
batch 2661: mask sum = 6125.0
batch 2662: mask sum = 5341.0
batch 2663: mask sum = 5814.0
batch 2664: mask sum = 4913.0
batch 2665: mask sum = 5955.0
batch 2666: mask sum = 6048.0
batch 2667: mask sum = 4999.0
batch 2668: mask sum = 5513.0
batch 2669: mask sum = 5367.0
batch 2670: mask sum = 5205.0
iter 2670: loss 1.8052
batch 2671: mask sum = 6027.0
batch 2672: mask sum = 6069.0
batch 2673: mask sum = 5806.0
batch 2674: mask sum = 5141.0
batch 2675: mask sum = 5373.0
batch 2676: mask sum = 4913.0
batch 2677: mask sum = 5591.0
batch 2678: mask sum = 5582.0
batch 2679: mask sum = 4752.0
batch 2680: mask sum = 5136.0
iter 2680: loss 1.9591
batch 2681: mask sum = 5601.0
batch 2682: mask sum = 5751.0
batch 2683: mask sum = 5775.0
batch 2684: mask sum = 5424.0
batch 2685: mask sum = 5504.0
batch 2686: mask sum = 4850.0
batch 2687: mask sum = 5601.0
batch 2688: mask sum = 6049.0
batch 2689: mask sum = 5126.0
batch 2690: mask sum = 5116.0
iter 2690: loss 1.8577
batch 2691: mask sum = 3907.0
batch 2692: mask sum = 5764.0
batch 2693: mask sum = 5189.0
batch 2694: mask sum = 5934.0
batch 2695: mask sum = 5538.0
batch 2696: mask sum = 5933.0
batch 2697: mask sum = 5952.0
batch 2698: mask sum = 5586.0
batch 2699: mask sum = 5338.0
batch 2700: mask sum = 4969.0
iter 2700: loss 1.9695
batch 2701: mask sum = 5433.0
batch 2702: mask sum = 5362.0
batch 2703: mask sum = 5949.0
batch 2704: mask sum = 5443.0
batch 2705: mask sum = 5465.0
batch 2706: mask sum = 5441.0
batch 2707: mask sum = 5821.0
batch 2708: mask sum = 5916.0
batch 2709: mask sum = 5606.0
batch 2710: mask sum = 5118.0
iter 2710: loss 1.9636
batch 2711: mask sum = 5249.0
batch 2712: mask sum = 5243.0
batch 2713: mask sum = 5684.0
batch 2714: mask sum = 5976.0
batch 2715: mask sum = 6144.0
batch 2716: mask sum = 5065.0
batch 2717: mask sum = 5684.0
batch 2718: mask sum = 5337.0
batch 2719: mask sum = 5781.0
batch 2720: mask sum = 5505.0
iter 2720: loss 1.8327
batch 2721: mask sum = 5751.0
batch 2722: mask sum = 5549.0
batch 2723: mask sum = 6144.0
batch 2724: mask sum = 5275.0
batch 2725: mask sum = 5358.0
batch 2726: mask sum = 5529.0
batch 2727: mask sum = 5037.0
batch 2728: mask sum = 5115.0
batch 2729: mask sum = 5414.0
batch 2730: mask sum = 5512.0
iter 2730: loss 2.0855
batch 2731: mask sum = 5911.0
batch 2732: mask sum = 5826.0
batch 2733: mask sum = 5218.0
batch 2734: mask sum = 5395.0
batch 2735: mask sum = 5348.0
batch 2736: mask sum = 5501.0
batch 2737: mask sum = 5887.0
batch 2738: mask sum = 5834.0
batch 2739: mask sum = 5897.0
batch 2740: mask sum = 5791.0
iter 2740: loss 1.9146
batch 2741: mask sum = 6026.0
batch 2742: mask sum = 4551.0
batch 2743: mask sum = 5785.0
batch 2744: mask sum = 5302.0
batch 2745: mask sum = 5641.0
batch 2746: mask sum = 5994.0
batch 2747: mask sum = 5764.0
batch 2748: mask sum = 6089.0
batch 2749: mask sum = 5998.0
batch 2750: mask sum = 6017.0
iter 2750: loss 1.9715
batch 2751: mask sum = 5169.0
batch 2752: mask sum = 5825.0
batch 2753: mask sum = 5034.0
batch 2754: mask sum = 4927.0
batch 2755: mask sum = 5869.0
batch 2756: mask sum = 5728.0
batch 2757: mask sum = 5254.0
batch 2758: mask sum = 4990.0
batch 2759: mask sum = 5656.0
batch 2760: mask sum = 5678.0
iter 2760: loss 2.0039
batch 2761: mask sum = 5681.0
batch 2762: mask sum = 5427.0
batch 2763: mask sum = 5818.0
batch 2764: mask sum = 5533.0
batch 2765: mask sum = 5383.0
batch 2766: mask sum = 5471.0
batch 2767: mask sum = 5552.0
batch 2768: mask sum = 5146.0
batch 2769: mask sum = 5821.0
batch 2770: mask sum = 5901.0
iter 2770: loss 1.9993
batch 2771: mask sum = 5788.0
batch 2772: mask sum = 5879.0
batch 2773: mask sum = 4608.0
batch 2774: mask sum = 5912.0
batch 2775: mask sum = 5523.0
batch 2776: mask sum = 5496.0
batch 2777: mask sum = 5958.0
batch 2778: mask sum = 6028.0
batch 2779: mask sum = 4290.0
batch 2780: mask sum = 5843.0
iter 2780: loss 1.8948
batch 2781: mask sum = 5435.0
batch 2782: mask sum = 4836.0
batch 2783: mask sum = 5630.0
batch 2784: mask sum = 5344.0
batch 2785: mask sum = 5813.0
batch 2786: mask sum = 5954.0
batch 2787: mask sum = 5687.0
batch 2788: mask sum = 5141.0
batch 2789: mask sum = 5682.0
batch 2790: mask sum = 4750.0
iter 2790: loss 1.7973
batch 2791: mask sum = 4950.0
batch 2792: mask sum = 6144.0
batch 2793: mask sum = 5420.0
batch 2794: mask sum = 5492.0
batch 2795: mask sum = 5909.0
batch 2796: mask sum = 5299.0
batch 2797: mask sum = 5672.0
batch 2798: mask sum = 4935.0
batch 2799: mask sum = 5078.0
batch 2800: mask sum = 6063.0
iter 2800: loss 1.9587
step 2800: val loss 2.0846
batch 2801: mask sum = 4830.0
batch 2802: mask sum = 5863.0
batch 2803: mask sum = 5293.0
batch 2804: mask sum = 4602.0
batch 2805: mask sum = 5534.0
batch 2806: mask sum = 5041.0
batch 2807: mask sum = 6038.0
batch 2808: mask sum = 5594.0
batch 2809: mask sum = 5034.0
batch 2810: mask sum = 5459.0
iter 2810: loss 2.0058
batch 2811: mask sum = 5125.0
batch 2812: mask sum = 5442.0
batch 2813: mask sum = 5337.0
batch 2814: mask sum = 5940.0
batch 2815: mask sum = 5334.0
batch 2816: mask sum = 5457.0
batch 2817: mask sum = 5288.0
batch 2818: mask sum = 5429.0
batch 2819: mask sum = 5120.0
batch 2820: mask sum = 6052.0
iter 2820: loss 2.0190
batch 2821: mask sum = 5632.0
batch 2822: mask sum = 5301.0
batch 2823: mask sum = 6049.0
batch 2824: mask sum = 5569.0
batch 2825: mask sum = 5599.0
batch 2826: mask sum = 5579.0
batch 2827: mask sum = 6056.0
batch 2828: mask sum = 5048.0
batch 2829: mask sum = 5211.0
batch 2830: mask sum = 6089.0
iter 2830: loss 1.9052
batch 2831: mask sum = 5920.0
batch 2832: mask sum = 5829.0
batch 2833: mask sum = 5635.0
batch 2834: mask sum = 5258.0
batch 2835: mask sum = 5661.0
batch 2836: mask sum = 4683.0
batch 2837: mask sum = 6077.0
batch 2838: mask sum = 5394.0
batch 2839: mask sum = 4941.0
batch 2840: mask sum = 5501.0
iter 2840: loss 1.8912
batch 2841: mask sum = 5096.0
batch 2842: mask sum = 5692.0
batch 2843: mask sum = 5824.0
batch 2844: mask sum = 5370.0
batch 2845: mask sum = 5631.0
batch 2846: mask sum = 4578.0
batch 2847: mask sum = 5645.0
batch 2848: mask sum = 5808.0
batch 2849: mask sum = 4930.0
batch 2850: mask sum = 5009.0
iter 2850: loss 2.0502
batch 2851: mask sum = 5423.0
batch 2852: mask sum = 5794.0
batch 2853: mask sum = 4660.0
batch 2854: mask sum = 4169.0
batch 2855: mask sum = 5730.0
batch 2856: mask sum = 5712.0
batch 2857: mask sum = 5223.0
batch 2858: mask sum = 6000.0
batch 2859: mask sum = 5236.0
batch 2860: mask sum = 4892.0
iter 2860: loss 1.8062
batch 2861: mask sum = 5168.0
batch 2862: mask sum = 5591.0
batch 2863: mask sum = 5393.0
batch 2864: mask sum = 5602.0
batch 2865: mask sum = 5496.0
batch 2866: mask sum = 4879.0
batch 2867: mask sum = 4257.0
batch 2868: mask sum = 5838.0
batch 2869: mask sum = 5338.0
batch 2870: mask sum = 5632.0
iter 2870: loss 2.0779
batch 2871: mask sum = 5602.0
batch 2872: mask sum = 5056.0
batch 2873: mask sum = 4851.0
batch 2874: mask sum = 5742.0
batch 2875: mask sum = 5314.0
batch 2876: mask sum = 5264.0
batch 2877: mask sum = 5557.0
batch 2878: mask sum = 5087.0
batch 2879: mask sum = 4835.0
batch 2880: mask sum = 5513.0
iter 2880: loss 1.7922
batch 2881: mask sum = 4905.0
batch 2882: mask sum = 5341.0
batch 2883: mask sum = 5860.0
batch 2884: mask sum = 5458.0
batch 2885: mask sum = 5205.0
batch 2886: mask sum = 5453.0
batch 2887: mask sum = 5255.0
batch 2888: mask sum = 5595.0
batch 2889: mask sum = 4894.0
batch 2890: mask sum = 5906.0
iter 2890: loss 1.8649
batch 2891: mask sum = 6089.0
batch 2892: mask sum = 5577.0
batch 2893: mask sum = 6144.0
batch 2894: mask sum = 5590.0
batch 2895: mask sum = 5829.0
batch 2896: mask sum = 5304.0
batch 2897: mask sum = 5458.0
batch 2898: mask sum = 5682.0
batch 2899: mask sum = 6053.0
batch 2900: mask sum = 5184.0
iter 2900: loss 1.9809
batch 2901: mask sum = 4498.0
batch 2902: mask sum = 5397.0
batch 2903: mask sum = 5782.0
batch 2904: mask sum = 5866.0
batch 2905: mask sum = 5486.0
batch 2906: mask sum = 5923.0
batch 2907: mask sum = 5585.0
batch 2908: mask sum = 6144.0
batch 2909: mask sum = 6144.0
batch 2910: mask sum = 5249.0
iter 2910: loss 1.8761
batch 2911: mask sum = 5538.0
batch 2912: mask sum = 5558.0
batch 2913: mask sum = 5395.0
batch 2914: mask sum = 6006.0
batch 2915: mask sum = 5008.0
batch 2916: mask sum = 4777.0
batch 2917: mask sum = 4938.0
batch 2918: mask sum = 5383.0
batch 2919: mask sum = 5094.0
batch 2920: mask sum = 5824.0
iter 2920: loss 1.8109
batch 2921: mask sum = 4744.0
batch 2922: mask sum = 5991.0
batch 2923: mask sum = 5684.0
batch 2924: mask sum = 5593.0
batch 2925: mask sum = 4909.0
batch 2926: mask sum = 5932.0
batch 2927: mask sum = 5596.0
batch 2928: mask sum = 4653.0
batch 2929: mask sum = 5379.0
batch 2930: mask sum = 5989.0
iter 2930: loss 1.9013
batch 2931: mask sum = 5279.0
batch 2932: mask sum = 5232.0
batch 2933: mask sum = 5267.0
batch 2934: mask sum = 4996.0
batch 2935: mask sum = 5535.0
batch 2936: mask sum = 5509.0
batch 2937: mask sum = 5066.0
batch 2938: mask sum = 5926.0
batch 2939: mask sum = 5863.0
batch 2940: mask sum = 5248.0
iter 2940: loss 1.8135
batch 2941: mask sum = 5127.0
batch 2942: mask sum = 5105.0
batch 2943: mask sum = 5472.0
batch 2944: mask sum = 5931.0
batch 2945: mask sum = 5109.0
batch 2946: mask sum = 5511.0
batch 2947: mask sum = 6065.0
batch 2948: mask sum = 5559.0
batch 2949: mask sum = 5539.0
batch 2950: mask sum = 5650.0
iter 2950: loss 2.0097
batch 2951: mask sum = 5843.0
batch 2952: mask sum = 5837.0
batch 2953: mask sum = 6001.0
batch 2954: mask sum = 5540.0
batch 2955: mask sum = 5588.0
batch 2956: mask sum = 4959.0
batch 2957: mask sum = 5836.0
batch 2958: mask sum = 5897.0
batch 2959: mask sum = 5613.0
batch 2960: mask sum = 5761.0
iter 2960: loss 1.8602
batch 2961: mask sum = 5287.0
batch 2962: mask sum = 5749.0
batch 2963: mask sum = 4054.0
batch 2964: mask sum = 5679.0
batch 2965: mask sum = 5571.0
batch 2966: mask sum = 5793.0
batch 2967: mask sum = 5845.0
batch 2968: mask sum = 5452.0
batch 2969: mask sum = 5828.0
batch 2970: mask sum = 5999.0
iter 2970: loss 1.9408
batch 2971: mask sum = 4982.0
batch 2972: mask sum = 5855.0
batch 2973: mask sum = 6044.0
batch 2974: mask sum = 5451.0
batch 2975: mask sum = 5900.0
batch 2976: mask sum = 5749.0
batch 2977: mask sum = 5439.0
batch 2978: mask sum = 5860.0
batch 2979: mask sum = 5882.0
batch 2980: mask sum = 5167.0
iter 2980: loss 1.8318
batch 2981: mask sum = 5389.0
batch 2982: mask sum = 5449.0
batch 2983: mask sum = 5160.0
batch 2984: mask sum = 4537.0
batch 2985: mask sum = 5640.0
batch 2986: mask sum = 5367.0
batch 2987: mask sum = 6028.0
batch 2988: mask sum = 5099.0
batch 2989: mask sum = 5319.0
batch 2990: mask sum = 4994.0
iter 2990: loss 1.9137
batch 2991: mask sum = 5175.0
batch 2992: mask sum = 5461.0
batch 2993: mask sum = 5155.0
batch 2994: mask sum = 5851.0
batch 2995: mask sum = 5049.0
batch 2996: mask sum = 5504.0
batch 2997: mask sum = 5327.0
batch 2998: mask sum = 5992.0
batch 2999: mask sum = 4694.0
batch 3000: mask sum = 5603.0
iter 3000: loss 1.8188
step 3000: val loss 2.0641
batch 3001: mask sum = 4509.0
batch 3002: mask sum = 5618.0
batch 3003: mask sum = 6091.0
batch 3004: mask sum = 5318.0
batch 3005: mask sum = 4944.0
batch 3006: mask sum = 5527.0
batch 3007: mask sum = 5667.0
batch 3008: mask sum = 5585.0
batch 3009: mask sum = 6034.0
batch 3010: mask sum = 5217.0
iter 3010: loss 1.7744
batch 3011: mask sum = 5420.0
batch 3012: mask sum = 4629.0
batch 3013: mask sum = 5026.0
batch 3014: mask sum = 4804.0
batch 3015: mask sum = 5531.0
batch 3016: mask sum = 6038.0
batch 3017: mask sum = 5045.0
batch 3018: mask sum = 5704.0
batch 3019: mask sum = 4994.0
batch 3020: mask sum = 5109.0
iter 3020: loss 1.8835
batch 3021: mask sum = 4739.0
batch 3022: mask sum = 5906.0
batch 3023: mask sum = 6068.0
batch 3024: mask sum = 5124.0
batch 3025: mask sum = 4871.0
batch 3026: mask sum = 5536.0
batch 3027: mask sum = 5922.0
batch 3028: mask sum = 5916.0
batch 3029: mask sum = 5265.0
batch 3030: mask sum = 5364.0
iter 3030: loss 1.7940
batch 3031: mask sum = 5680.0
batch 3032: mask sum = 5603.0
batch 3033: mask sum = 5398.0
batch 3034: mask sum = 5263.0
batch 3035: mask sum = 5632.0
batch 3036: mask sum = 5862.0
batch 3037: mask sum = 5785.0
batch 3038: mask sum = 5842.0
batch 3039: mask sum = 5936.0
batch 3040: mask sum = 5427.0
iter 3040: loss 1.8672
batch 3041: mask sum = 5808.0
batch 3042: mask sum = 5271.0
batch 3043: mask sum = 5667.0
batch 3044: mask sum = 5120.0
batch 3045: mask sum = 5974.0
batch 3046: mask sum = 5429.0
batch 3047: mask sum = 5973.0
batch 3048: mask sum = 4731.0
batch 3049: mask sum = 5866.0
batch 3050: mask sum = 4787.0
iter 3050: loss 2.0548
batch 3051: mask sum = 5508.0
batch 3052: mask sum = 5375.0
batch 3053: mask sum = 6028.0
batch 3054: mask sum = 4834.0
batch 3055: mask sum = 5426.0
batch 3056: mask sum = 5444.0
batch 3057: mask sum = 4944.0
batch 3058: mask sum = 5163.0
batch 3059: mask sum = 5667.0
batch 3060: mask sum = 4877.0
iter 3060: loss 1.8686
batch 3061: mask sum = 5710.0
batch 3062: mask sum = 5085.0
batch 3063: mask sum = 6090.0
batch 3064: mask sum = 4638.0
batch 3065: mask sum = 4649.0
batch 3066: mask sum = 5377.0
batch 3067: mask sum = 5684.0
batch 3068: mask sum = 5400.0
batch 3069: mask sum = 6055.0
batch 3070: mask sum = 4960.0
iter 3070: loss 1.9104
batch 3071: mask sum = 5000.0
batch 3072: mask sum = 4895.0
batch 3073: mask sum = 5546.0
batch 3074: mask sum = 5857.0
batch 3075: mask sum = 6069.0
batch 3076: mask sum = 5751.0
batch 3077: mask sum = 6042.0
batch 3078: mask sum = 5344.0
batch 3079: mask sum = 5054.0
batch 3080: mask sum = 5399.0
iter 3080: loss 1.8201
batch 3081: mask sum = 4690.0
batch 3082: mask sum = 4999.0
batch 3083: mask sum = 5461.0
batch 3084: mask sum = 5316.0
batch 3085: mask sum = 5329.0
batch 3086: mask sum = 5250.0
batch 3087: mask sum = 6035.0
batch 3088: mask sum = 6003.0
batch 3089: mask sum = 5213.0
batch 3090: mask sum = 5215.0
iter 3090: loss 1.8418
batch 3091: mask sum = 4531.0
batch 3092: mask sum = 5971.0
batch 3093: mask sum = 5604.0
batch 3094: mask sum = 4278.0
batch 3095: mask sum = 4826.0
batch 3096: mask sum = 5124.0
batch 3097: mask sum = 5401.0
batch 3098: mask sum = 5712.0
batch 3099: mask sum = 4832.0
batch 3100: mask sum = 5255.0
iter 3100: loss 1.8426
batch 3101: mask sum = 5699.0
batch 3102: mask sum = 4020.0
batch 3103: mask sum = 5799.0
batch 3104: mask sum = 5836.0
batch 3105: mask sum = 4549.0
batch 3106: mask sum = 4867.0
batch 3107: mask sum = 6089.0
batch 3108: mask sum = 5436.0
batch 3109: mask sum = 6027.0
batch 3110: mask sum = 5139.0
iter 3110: loss 1.7802
batch 3111: mask sum = 5894.0
batch 3112: mask sum = 5546.0
batch 3113: mask sum = 5934.0
batch 3114: mask sum = 5656.0
batch 3115: mask sum = 4805.0
batch 3116: mask sum = 5493.0
batch 3117: mask sum = 5598.0
batch 3118: mask sum = 5776.0
batch 3119: mask sum = 5317.0
batch 3120: mask sum = 5403.0
iter 3120: loss 2.0229
batch 3121: mask sum = 5704.0
batch 3122: mask sum = 5117.0
batch 3123: mask sum = 5670.0
batch 3124: mask sum = 5243.0
batch 3125: mask sum = 5344.0
batch 3126: mask sum = 4725.0
batch 3127: mask sum = 5473.0
batch 3128: mask sum = 5303.0
batch 3129: mask sum = 5737.0
batch 3130: mask sum = 5576.0
iter 3130: loss 2.0422
batch 3131: mask sum = 5155.0
batch 3132: mask sum = 5114.0
batch 3133: mask sum = 5350.0
batch 3134: mask sum = 5659.0
batch 3135: mask sum = 5362.0
batch 3136: mask sum = 5175.0
batch 3137: mask sum = 5417.0
batch 3138: mask sum = 5072.0
batch 3139: mask sum = 5938.0
batch 3140: mask sum = 5837.0
iter 3140: loss 1.8772
batch 3141: mask sum = 5336.0
batch 3142: mask sum = 5563.0
batch 3143: mask sum = 5986.0
batch 3144: mask sum = 4550.0
batch 3145: mask sum = 5859.0
batch 3146: mask sum = 5803.0
batch 3147: mask sum = 4899.0
batch 3148: mask sum = 5489.0
batch 3149: mask sum = 5241.0
batch 3150: mask sum = 5513.0
iter 3150: loss 1.7633
batch 3151: mask sum = 5415.0
batch 3152: mask sum = 6072.0
batch 3153: mask sum = 5142.0
batch 3154: mask sum = 5711.0
batch 3155: mask sum = 5845.0
batch 3156: mask sum = 5604.0
batch 3157: mask sum = 6002.0
batch 3158: mask sum = 6055.0
batch 3159: mask sum = 5604.0
batch 3160: mask sum = 5922.0
iter 3160: loss 1.8599
batch 3161: mask sum = 5892.0
batch 3162: mask sum = 5567.0
batch 3163: mask sum = 5409.0
batch 3164: mask sum = 5092.0
batch 3165: mask sum = 5698.0
batch 3166: mask sum = 5945.0
batch 3167: mask sum = 5999.0
batch 3168: mask sum = 5594.0
batch 3169: mask sum = 5862.0
batch 3170: mask sum = 5115.0
iter 3170: loss 1.8883
batch 3171: mask sum = 6077.0
batch 3172: mask sum = 5276.0
batch 3173: mask sum = 5512.0
batch 3174: mask sum = 5526.0
batch 3175: mask sum = 5632.0
batch 3176: mask sum = 4348.0
batch 3177: mask sum = 5474.0
batch 3178: mask sum = 5621.0
batch 3179: mask sum = 5406.0
batch 3180: mask sum = 5467.0
iter 3180: loss 1.8667
batch 3181: mask sum = 5826.0
batch 3182: mask sum = 5926.0
batch 3183: mask sum = 5775.0
batch 3184: mask sum = 5705.0
batch 3185: mask sum = 5455.0
batch 3186: mask sum = 6019.0
batch 3187: mask sum = 5645.0
batch 3188: mask sum = 5510.0
batch 3189: mask sum = 5307.0
batch 3190: mask sum = 6007.0
iter 3190: loss 1.8278
batch 3191: mask sum = 5948.0
batch 3192: mask sum = 5092.0
batch 3193: mask sum = 5712.0
batch 3194: mask sum = 4749.0
batch 3195: mask sum = 5726.0
batch 3196: mask sum = 5594.0
batch 3197: mask sum = 5882.0
batch 3198: mask sum = 5478.0
batch 3199: mask sum = 5681.0
batch 3200: mask sum = 5658.0
iter 3200: loss 1.8378
step 3200: val loss 2.0834
batch 3201: mask sum = 5805.0
batch 3202: mask sum = 5411.0
batch 3203: mask sum = 5837.0
batch 3204: mask sum = 5150.0
batch 3205: mask sum = 4338.0
batch 3206: mask sum = 4974.0
batch 3207: mask sum = 5818.0
batch 3208: mask sum = 5907.0
batch 3209: mask sum = 5596.0
batch 3210: mask sum = 5795.0
iter 3210: loss 1.8129
batch 3211: mask sum = 5418.0
batch 3212: mask sum = 5662.0
batch 3213: mask sum = 5977.0
batch 3214: mask sum = 6002.0
batch 3215: mask sum = 5668.0
batch 3216: mask sum = 5129.0
batch 3217: mask sum = 4455.0
batch 3218: mask sum = 5472.0
batch 3219: mask sum = 5916.0
batch 3220: mask sum = 5825.0
iter 3220: loss 1.7596
batch 3221: mask sum = 5548.0
batch 3222: mask sum = 5964.0
batch 3223: mask sum = 5181.0
batch 3224: mask sum = 5747.0
batch 3225: mask sum = 4739.0
batch 3226: mask sum = 4810.0
batch 3227: mask sum = 4744.0
batch 3228: mask sum = 5404.0
batch 3229: mask sum = 5478.0
batch 3230: mask sum = 5485.0
iter 3230: loss 1.7853
batch 3231: mask sum = 5983.0
batch 3232: mask sum = 5244.0
batch 3233: mask sum = 5520.0
batch 3234: mask sum = 4499.0
batch 3235: mask sum = 5106.0
batch 3236: mask sum = 5272.0
batch 3237: mask sum = 5532.0
batch 3238: mask sum = 4780.0
batch 3239: mask sum = 5486.0
batch 3240: mask sum = 5211.0
iter 3240: loss 1.7577
batch 3241: mask sum = 4420.0
batch 3242: mask sum = 5146.0
batch 3243: mask sum = 5766.0
batch 3244: mask sum = 5146.0
batch 3245: mask sum = 5901.0
batch 3246: mask sum = 4793.0
batch 3247: mask sum = 5660.0
batch 3248: mask sum = 5530.0
batch 3249: mask sum = 5589.0
batch 3250: mask sum = 5412.0
iter 3250: loss 1.9970
batch 3251: mask sum = 4934.0
batch 3252: mask sum = 6127.0
batch 3253: mask sum = 5952.0
batch 3254: mask sum = 5586.0
batch 3255: mask sum = 4795.0
batch 3256: mask sum = 5915.0
batch 3257: mask sum = 5337.0
batch 3258: mask sum = 5650.0
batch 3259: mask sum = 5749.0
batch 3260: mask sum = 5333.0
iter 3260: loss 1.9306
batch 3261: mask sum = 6012.0
batch 3262: mask sum = 5349.0
batch 3263: mask sum = 5895.0
batch 3264: mask sum = 5198.0
batch 3265: mask sum = 5057.0
batch 3266: mask sum = 5612.0
batch 3267: mask sum = 4959.0
batch 3268: mask sum = 5850.0
batch 3269: mask sum = 5408.0
batch 3270: mask sum = 5325.0
iter 3270: loss 2.0364
batch 3271: mask sum = 5490.0
batch 3272: mask sum = 5236.0
batch 3273: mask sum = 4836.0
batch 3274: mask sum = 5660.0
batch 3275: mask sum = 5863.0
batch 3276: mask sum = 5704.0
batch 3277: mask sum = 5299.0
batch 3278: mask sum = 5302.0
batch 3279: mask sum = 5731.0
batch 3280: mask sum = 5358.0
iter 3280: loss 1.7574
batch 3281: mask sum = 6033.0
batch 3282: mask sum = 5476.0
batch 3283: mask sum = 5887.0
batch 3284: mask sum = 6021.0
batch 3285: mask sum = 5547.0
batch 3286: mask sum = 5833.0
batch 3287: mask sum = 5942.0
batch 3288: mask sum = 5870.0
batch 3289: mask sum = 4987.0
batch 3290: mask sum = 5177.0
iter 3290: loss 1.7366
batch 3291: mask sum = 5772.0
batch 3292: mask sum = 5203.0
batch 3293: mask sum = 5751.0
batch 3294: mask sum = 5545.0
batch 3295: mask sum = 5809.0
batch 3296: mask sum = 5523.0
batch 3297: mask sum = 6108.0
batch 3298: mask sum = 5300.0
batch 3299: mask sum = 5821.0
batch 3300: mask sum = 5837.0
iter 3300: loss 1.6665
batch 3301: mask sum = 5954.0
batch 3302: mask sum = 6002.0
batch 3303: mask sum = 5358.0
batch 3304: mask sum = 4685.0
batch 3305: mask sum = 5942.0
batch 3306: mask sum = 5621.0
batch 3307: mask sum = 5299.0
batch 3308: mask sum = 4793.0
batch 3309: mask sum = 5978.0
batch 3310: mask sum = 5751.0
iter 3310: loss 1.7513
batch 3311: mask sum = 4895.0
batch 3312: mask sum = 5700.0
batch 3313: mask sum = 5666.0
batch 3314: mask sum = 5581.0
batch 3315: mask sum = 5273.0
batch 3316: mask sum = 5432.0
batch 3317: mask sum = 6038.0
batch 3318: mask sum = 5904.0
batch 3319: mask sum = 5692.0
batch 3320: mask sum = 5885.0
iter 3320: loss 1.7987
batch 3321: mask sum = 5912.0
batch 3322: mask sum = 5889.0
batch 3323: mask sum = 5726.0
batch 3324: mask sum = 6059.0
batch 3325: mask sum = 5584.0
batch 3326: mask sum = 6144.0
batch 3327: mask sum = 4740.0
batch 3328: mask sum = 5365.0
batch 3329: mask sum = 5659.0
batch 3330: mask sum = 5601.0
iter 3330: loss 1.8547
batch 3331: mask sum = 5806.0
batch 3332: mask sum = 5908.0
batch 3333: mask sum = 5034.0
batch 3334: mask sum = 5104.0
batch 3335: mask sum = 5072.0
batch 3336: mask sum = 5232.0
batch 3337: mask sum = 6123.0
batch 3338: mask sum = 5704.0
batch 3339: mask sum = 5988.0
batch 3340: mask sum = 5732.0
iter 3340: loss 1.8380
batch 3341: mask sum = 5147.0
batch 3342: mask sum = 5835.0
batch 3343: mask sum = 5031.0
batch 3344: mask sum = 5492.0
batch 3345: mask sum = 6105.0
batch 3346: mask sum = 5983.0
batch 3347: mask sum = 5704.0
batch 3348: mask sum = 5376.0
batch 3349: mask sum = 6144.0
batch 3350: mask sum = 5837.0
iter 3350: loss 1.8377
batch 3351: mask sum = 5893.0
batch 3352: mask sum = 5080.0
batch 3353: mask sum = 5417.0
batch 3354: mask sum = 6050.0
batch 3355: mask sum = 6073.0
batch 3356: mask sum = 5494.0
batch 3357: mask sum = 5056.0
batch 3358: mask sum = 6144.0
batch 3359: mask sum = 5385.0
batch 3360: mask sum = 5854.0
iter 3360: loss 1.9660
batch 3361: mask sum = 5720.0
batch 3362: mask sum = 5549.0
batch 3363: mask sum = 5324.0
batch 3364: mask sum = 5216.0
batch 3365: mask sum = 5092.0
batch 3366: mask sum = 5699.0
batch 3367: mask sum = 5507.0
batch 3368: mask sum = 4894.0
batch 3369: mask sum = 5353.0
batch 3370: mask sum = 5967.0
iter 3370: loss 1.8313
batch 3371: mask sum = 5285.0
batch 3372: mask sum = 5372.0
batch 3373: mask sum = 5882.0
batch 3374: mask sum = 5315.0
batch 3375: mask sum = 5801.0
batch 3376: mask sum = 5915.0
batch 3377: mask sum = 5755.0
batch 3378: mask sum = 6103.0
batch 3379: mask sum = 4891.0
batch 3380: mask sum = 5682.0
iter 3380: loss 1.7944
batch 3381: mask sum = 5604.0
batch 3382: mask sum = 5888.0
batch 3383: mask sum = 5632.0
batch 3384: mask sum = 5044.0
batch 3385: mask sum = 5713.0
batch 3386: mask sum = 5693.0
batch 3387: mask sum = 5287.0
batch 3388: mask sum = 5596.0
batch 3389: mask sum = 5806.0
batch 3390: mask sum = 5929.0
iter 3390: loss 1.7979
batch 3391: mask sum = 5140.0
batch 3392: mask sum = 5951.0
batch 3393: mask sum = 5014.0
batch 3394: mask sum = 5764.0
batch 3395: mask sum = 5871.0
batch 3396: mask sum = 5732.0
batch 3397: mask sum = 5283.0
batch 3398: mask sum = 5863.0
batch 3399: mask sum = 5053.0
batch 3400: mask sum = 5402.0
iter 3400: loss 1.7119
step 3400: val loss 2.0401
batch 3401: mask sum = 5484.0
batch 3402: mask sum = 4952.0
batch 3403: mask sum = 5632.0
batch 3404: mask sum = 5270.0
batch 3405: mask sum = 5027.0
batch 3406: mask sum = 5302.0
batch 3407: mask sum = 5949.0
batch 3408: mask sum = 5987.0
batch 3409: mask sum = 5287.0
batch 3410: mask sum = 5614.0
iter 3410: loss 1.8671
batch 3411: mask sum = 4485.0
batch 3412: mask sum = 5241.0
batch 3413: mask sum = 5521.0
batch 3414: mask sum = 5022.0
batch 3415: mask sum = 5724.0
batch 3416: mask sum = 5973.0
batch 3417: mask sum = 5092.0
batch 3418: mask sum = 5212.0
batch 3419: mask sum = 5336.0
batch 3420: mask sum = 5426.0
iter 3420: loss 1.8074
batch 3421: mask sum = 4998.0
batch 3422: mask sum = 5496.0
batch 3423: mask sum = 4452.0
batch 3424: mask sum = 5082.0
batch 3425: mask sum = 6040.0
batch 3426: mask sum = 5576.0
batch 3427: mask sum = 5536.0
batch 3428: mask sum = 5455.0
batch 3429: mask sum = 4438.0
batch 3430: mask sum = 5278.0
iter 3430: loss 2.1798
batch 3431: mask sum = 5143.0
batch 3432: mask sum = 5507.0
batch 3433: mask sum = 4830.0
batch 3434: mask sum = 5937.0
batch 3435: mask sum = 4565.0
batch 3436: mask sum = 5552.0
batch 3437: mask sum = 5742.0
batch 3438: mask sum = 5424.0
batch 3439: mask sum = 5230.0
batch 3440: mask sum = 5779.0
iter 3440: loss 1.7877
batch 3441: mask sum = 5196.0
batch 3442: mask sum = 5403.0
batch 3443: mask sum = 5258.0
batch 3444: mask sum = 6059.0
batch 3445: mask sum = 4938.0
batch 3446: mask sum = 5453.0
batch 3447: mask sum = 4900.0
batch 3448: mask sum = 5435.0
batch 3449: mask sum = 5846.0
batch 3450: mask sum = 5026.0
iter 3450: loss 1.7061
batch 3451: mask sum = 5488.0
batch 3452: mask sum = 5500.0
batch 3453: mask sum = 5793.0
batch 3454: mask sum = 4988.0
batch 3455: mask sum = 5224.0
batch 3456: mask sum = 5892.0
batch 3457: mask sum = 5041.0
batch 3458: mask sum = 5101.0
batch 3459: mask sum = 5976.0
batch 3460: mask sum = 5205.0
iter 3460: loss 1.7445
batch 3461: mask sum = 5543.0
batch 3462: mask sum = 5791.0
batch 3463: mask sum = 5487.0
batch 3464: mask sum = 4927.0
batch 3465: mask sum = 4708.0
batch 3466: mask sum = 5128.0
batch 3467: mask sum = 5977.0
batch 3468: mask sum = 5376.0
batch 3469: mask sum = 5153.0
batch 3470: mask sum = 5885.0
iter 3470: loss 1.9095
batch 3471: mask sum = 5884.0
batch 3472: mask sum = 6024.0
batch 3473: mask sum = 5841.0
batch 3474: mask sum = 5885.0
batch 3475: mask sum = 5872.0
batch 3476: mask sum = 6026.0
batch 3477: mask sum = 4854.0
batch 3478: mask sum = 5776.0
batch 3479: mask sum = 5942.0
batch 3480: mask sum = 5912.0
iter 3480: loss 1.7382
batch 3481: mask sum = 5208.0
batch 3482: mask sum = 5557.0
batch 3483: mask sum = 5891.0
batch 3484: mask sum = 5648.0
batch 3485: mask sum = 5160.0
batch 3486: mask sum = 5897.0
batch 3487: mask sum = 5847.0
batch 3488: mask sum = 5350.0
batch 3489: mask sum = 5102.0
batch 3490: mask sum = 5333.0
iter 3490: loss 1.7441
batch 3491: mask sum = 5547.0
batch 3492: mask sum = 5461.0
batch 3493: mask sum = 4444.0
batch 3494: mask sum = 5814.0
batch 3495: mask sum = 5212.0
batch 3496: mask sum = 5977.0
batch 3497: mask sum = 5644.0
batch 3498: mask sum = 5188.0
batch 3499: mask sum = 5424.0
batch 3500: mask sum = 5701.0
iter 3500: loss 1.9355
batch 3501: mask sum = 4640.0
batch 3502: mask sum = 5258.0
batch 3503: mask sum = 5982.0
batch 3504: mask sum = 5619.0
batch 3505: mask sum = 6042.0
batch 3506: mask sum = 5338.0
batch 3507: mask sum = 5064.0
batch 3508: mask sum = 5722.0
batch 3509: mask sum = 5705.0
batch 3510: mask sum = 5456.0
iter 3510: loss 1.7204
batch 3511: mask sum = 4459.0
batch 3512: mask sum = 5327.0
batch 3513: mask sum = 5905.0
batch 3514: mask sum = 4903.0
batch 3515: mask sum = 4954.0
batch 3516: mask sum = 5948.0
batch 3517: mask sum = 5595.0
batch 3518: mask sum = 5218.0
batch 3519: mask sum = 5506.0
batch 3520: mask sum = 5219.0
iter 3520: loss 1.5874
batch 3521: mask sum = 5319.0
batch 3522: mask sum = 5225.0
batch 3523: mask sum = 5560.0
batch 3524: mask sum = 4718.0
batch 3525: mask sum = 5917.0
batch 3526: mask sum = 5424.0
batch 3527: mask sum = 4875.0
batch 3528: mask sum = 5418.0
batch 3529: mask sum = 5379.0
batch 3530: mask sum = 5514.0
iter 3530: loss 2.0593
batch 3531: mask sum = 5383.0
batch 3532: mask sum = 5616.0
batch 3533: mask sum = 5669.0
batch 3534: mask sum = 5226.0
batch 3535: mask sum = 4137.0
batch 3536: mask sum = 4861.0
batch 3537: mask sum = 5588.0
batch 3538: mask sum = 5507.0
batch 3539: mask sum = 5617.0
batch 3540: mask sum = 5317.0
iter 3540: loss 1.7258
batch 3541: mask sum = 5453.0
batch 3542: mask sum = 5129.0
batch 3543: mask sum = 5569.0
batch 3544: mask sum = 5331.0
batch 3545: mask sum = 4414.0
batch 3546: mask sum = 5989.0
batch 3547: mask sum = 5204.0
batch 3548: mask sum = 5793.0
batch 3549: mask sum = 6143.0
batch 3550: mask sum = 5645.0
iter 3550: loss 1.7460
batch 3551: mask sum = 4996.0
batch 3552: mask sum = 4782.0
batch 3553: mask sum = 6131.0
batch 3554: mask sum = 5828.0
batch 3555: mask sum = 5784.0
batch 3556: mask sum = 5561.0
batch 3557: mask sum = 5759.0
batch 3558: mask sum = 5576.0
batch 3559: mask sum = 5654.0
batch 3560: mask sum = 5105.0
iter 3560: loss 1.6629
batch 3561: mask sum = 5026.0
batch 3562: mask sum = 5710.0
batch 3563: mask sum = 5897.0
batch 3564: mask sum = 5353.0
batch 3565: mask sum = 4754.0
batch 3566: mask sum = 5962.0
batch 3567: mask sum = 5618.0
batch 3568: mask sum = 5717.0
batch 3569: mask sum = 6048.0
batch 3570: mask sum = 5132.0
iter 3570: loss 1.7785
batch 3571: mask sum = 4804.0
batch 3572: mask sum = 6068.0
batch 3573: mask sum = 5794.0
batch 3574: mask sum = 4962.0
batch 3575: mask sum = 5202.0
batch 3576: mask sum = 6069.0
batch 3577: mask sum = 5433.0
batch 3578: mask sum = 5313.0
batch 3579: mask sum = 5787.0
batch 3580: mask sum = 5718.0
iter 3580: loss 1.7384
batch 3581: mask sum = 5762.0
batch 3582: mask sum = 5772.0
batch 3583: mask sum = 5254.0
batch 3584: mask sum = 5849.0
batch 3585: mask sum = 4869.0
batch 3586: mask sum = 5025.0
batch 3587: mask sum = 5750.0
batch 3588: mask sum = 5846.0
batch 3589: mask sum = 6060.0
batch 3590: mask sum = 5463.0
iter 3590: loss 1.7086
batch 3591: mask sum = 5951.0
batch 3592: mask sum = 5039.0
batch 3593: mask sum = 5793.0
batch 3594: mask sum = 6115.0
batch 3595: mask sum = 5805.0
batch 3596: mask sum = 6010.0
batch 3597: mask sum = 5726.0
batch 3598: mask sum = 5051.0
batch 3599: mask sum = 5078.0
batch 3600: mask sum = 4263.0
iter 3600: loss 1.7079
step 3600: val loss 1.9755
batch 3601: mask sum = 5799.0
batch 3602: mask sum = 5294.0
batch 3603: mask sum = 5270.0
batch 3604: mask sum = 4709.0
batch 3605: mask sum = 6021.0
batch 3606: mask sum = 5973.0
batch 3607: mask sum = 4576.0
batch 3608: mask sum = 5553.0
batch 3609: mask sum = 5536.0
batch 3610: mask sum = 5711.0
iter 3610: loss 1.7197
batch 3611: mask sum = 5784.0
batch 3612: mask sum = 5511.0
batch 3613: mask sum = 5217.0
batch 3614: mask sum = 6093.0
batch 3615: mask sum = 4950.0
batch 3616: mask sum = 4386.0
batch 3617: mask sum = 5155.0
batch 3618: mask sum = 5109.0
batch 3619: mask sum = 5992.0
batch 3620: mask sum = 6058.0
iter 3620: loss 1.7836
batch 3621: mask sum = 5585.0
batch 3622: mask sum = 6045.0
batch 3623: mask sum = 5860.0
batch 3624: mask sum = 5487.0
batch 3625: mask sum = 5074.0
batch 3626: mask sum = 5596.0
batch 3627: mask sum = 5997.0
batch 3628: mask sum = 5640.0
batch 3629: mask sum = 6062.0
batch 3630: mask sum = 6110.0
iter 3630: loss 1.7917
batch 3631: mask sum = 6144.0
batch 3632: mask sum = 4625.0
batch 3633: mask sum = 6019.0
batch 3634: mask sum = 6017.0
batch 3635: mask sum = 5931.0
batch 3636: mask sum = 6080.0
batch 3637: mask sum = 5169.0
batch 3638: mask sum = 5655.0
batch 3639: mask sum = 4757.0
batch 3640: mask sum = 5676.0
iter 3640: loss 1.7982
batch 3641: mask sum = 4795.0
batch 3642: mask sum = 5770.0
batch 3643: mask sum = 5705.0
batch 3644: mask sum = 5485.0
batch 3645: mask sum = 5521.0
batch 3646: mask sum = 4902.0
batch 3647: mask sum = 5533.0
batch 3648: mask sum = 6015.0
batch 3649: mask sum = 5932.0
batch 3650: mask sum = 5854.0
iter 3650: loss 1.7259
batch 3651: mask sum = 5748.0
batch 3652: mask sum = 5120.0
batch 3653: mask sum = 5856.0
batch 3654: mask sum = 6117.0
batch 3655: mask sum = 5088.0
batch 3656: mask sum = 5445.0
batch 3657: mask sum = 5822.0
batch 3658: mask sum = 6045.0
batch 3659: mask sum = 5880.0
batch 3660: mask sum = 5886.0
iter 3660: loss 1.7002
batch 3661: mask sum = 5179.0
batch 3662: mask sum = 4980.0
batch 3663: mask sum = 5477.0
batch 3664: mask sum = 5940.0
batch 3665: mask sum = 5477.0
batch 3666: mask sum = 5428.0
batch 3667: mask sum = 5133.0
batch 3668: mask sum = 4776.0
batch 3669: mask sum = 5067.0
batch 3670: mask sum = 5822.0
iter 3670: loss 1.6928
batch 3671: mask sum = 5774.0
batch 3672: mask sum = 5594.0
batch 3673: mask sum = 5445.0
batch 3674: mask sum = 5499.0
batch 3675: mask sum = 5819.0
batch 3676: mask sum = 5988.0
batch 3677: mask sum = 4567.0
batch 3678: mask sum = 5894.0
batch 3679: mask sum = 5381.0
batch 3680: mask sum = 5210.0
iter 3680: loss 1.7645
batch 3681: mask sum = 5574.0
batch 3682: mask sum = 5743.0
batch 3683: mask sum = 5960.0
batch 3684: mask sum = 5721.0
batch 3685: mask sum = 5357.0
batch 3686: mask sum = 5429.0
batch 3687: mask sum = 5459.0
batch 3688: mask sum = 5475.0
batch 3689: mask sum = 5813.0
batch 3690: mask sum = 5294.0
iter 3690: loss 2.0684
batch 3691: mask sum = 5126.0
batch 3692: mask sum = 5840.0
batch 3693: mask sum = 5747.0
batch 3694: mask sum = 5508.0
batch 3695: mask sum = 5297.0
batch 3696: mask sum = 5078.0
batch 3697: mask sum = 5372.0
batch 3698: mask sum = 5946.0
batch 3699: mask sum = 5760.0
batch 3700: mask sum = 5510.0
iter 3700: loss 1.8379
batch 3701: mask sum = 5326.0
batch 3702: mask sum = 6073.0
batch 3703: mask sum = 5394.0
batch 3704: mask sum = 5353.0
batch 3705: mask sum = 5530.0
batch 3706: mask sum = 5425.0
batch 3707: mask sum = 5218.0
batch 3708: mask sum = 4935.0
batch 3709: mask sum = 5174.0
batch 3710: mask sum = 6010.0
iter 3710: loss 1.8433
batch 3711: mask sum = 5448.0
batch 3712: mask sum = 5064.0
batch 3713: mask sum = 6011.0
batch 3714: mask sum = 6133.0
batch 3715: mask sum = 6074.0
batch 3716: mask sum = 5442.0
batch 3717: mask sum = 5814.0
batch 3718: mask sum = 5122.0
batch 3719: mask sum = 5349.0
batch 3720: mask sum = 5773.0
iter 3720: loss 1.7882
batch 3721: mask sum = 5512.0
batch 3722: mask sum = 5912.0
batch 3723: mask sum = 6003.0
batch 3724: mask sum = 4768.0
batch 3725: mask sum = 5714.0
batch 3726: mask sum = 5738.0
batch 3727: mask sum = 5481.0
batch 3728: mask sum = 5681.0
batch 3729: mask sum = 5824.0
batch 3730: mask sum = 6039.0
iter 3730: loss 1.8660
batch 3731: mask sum = 5225.0
batch 3732: mask sum = 5655.0
batch 3733: mask sum = 6123.0
batch 3734: mask sum = 5521.0
batch 3735: mask sum = 5968.0
batch 3736: mask sum = 5381.0
batch 3737: mask sum = 5818.0
batch 3738: mask sum = 5184.0
batch 3739: mask sum = 5632.0
batch 3740: mask sum = 5293.0
iter 3740: loss 1.6693
batch 3741: mask sum = 5848.0
batch 3742: mask sum = 5501.0
batch 3743: mask sum = 5838.0
batch 3744: mask sum = 6080.0
batch 3745: mask sum = 5943.0
batch 3746: mask sum = 5739.0
batch 3747: mask sum = 5754.0
batch 3748: mask sum = 5835.0
batch 3749: mask sum = 4830.0
batch 3750: mask sum = 5405.0
iter 3750: loss 1.7972
batch 3751: mask sum = 5356.0
batch 3752: mask sum = 5976.0
batch 3753: mask sum = 5558.0
batch 3754: mask sum = 5605.0
batch 3755: mask sum = 5055.0
batch 3756: mask sum = 5480.0
batch 3757: mask sum = 5474.0
batch 3758: mask sum = 5377.0
batch 3759: mask sum = 5922.0
batch 3760: mask sum = 5534.0
iter 3760: loss 1.7194
batch 3761: mask sum = 5843.0
batch 3762: mask sum = 5260.0
batch 3763: mask sum = 4787.0
batch 3764: mask sum = 5632.0
batch 3765: mask sum = 5614.0
batch 3766: mask sum = 4934.0
batch 3767: mask sum = 5435.0
batch 3768: mask sum = 5106.0
batch 3769: mask sum = 6144.0
batch 3770: mask sum = 5121.0
iter 3770: loss 1.6637
batch 3771: mask sum = 4729.0
batch 3772: mask sum = 5274.0
batch 3773: mask sum = 5592.0
batch 3774: mask sum = 5941.0
batch 3775: mask sum = 5659.0
batch 3776: mask sum = 5117.0
batch 3777: mask sum = 5995.0
batch 3778: mask sum = 5722.0
batch 3779: mask sum = 5254.0
batch 3780: mask sum = 5392.0
iter 3780: loss 1.9026
batch 3781: mask sum = 5972.0
batch 3782: mask sum = 5332.0
batch 3783: mask sum = 5838.0
batch 3784: mask sum = 5990.0
batch 3785: mask sum = 4912.0
batch 3786: mask sum = 5105.0
batch 3787: mask sum = 5979.0
batch 3788: mask sum = 6140.0
batch 3789: mask sum = 5912.0
batch 3790: mask sum = 4202.0
iter 3790: loss 1.7210
batch 3791: mask sum = 5742.0
batch 3792: mask sum = 5995.0
batch 3793: mask sum = 5411.0
batch 3794: mask sum = 5212.0
batch 3795: mask sum = 5736.0
batch 3796: mask sum = 4226.0
batch 3797: mask sum = 5854.0
batch 3798: mask sum = 5393.0
batch 3799: mask sum = 5603.0
batch 3800: mask sum = 5597.0
iter 3800: loss 1.6455
step 3800: val loss 1.9371
batch 3801: mask sum = 5973.0
batch 3802: mask sum = 6085.0
batch 3803: mask sum = 5032.0
batch 3804: mask sum = 5200.0
batch 3805: mask sum = 5378.0
batch 3806: mask sum = 5812.0
batch 3807: mask sum = 6005.0
batch 3808: mask sum = 5268.0
batch 3809: mask sum = 5889.0
batch 3810: mask sum = 5676.0
iter 3810: loss 1.8629
batch 3811: mask sum = 5671.0
batch 3812: mask sum = 5377.0
batch 3813: mask sum = 6005.0
batch 3814: mask sum = 4822.0
batch 3815: mask sum = 5572.0
batch 3816: mask sum = 5247.0
batch 3817: mask sum = 5543.0
batch 3818: mask sum = 5520.0
batch 3819: mask sum = 5508.0
batch 3820: mask sum = 5724.0
iter 3820: loss 1.7088
batch 3821: mask sum = 5359.0
batch 3822: mask sum = 5093.0
batch 3823: mask sum = 6125.0
batch 3824: mask sum = 5937.0
batch 3825: mask sum = 5456.0
batch 3826: mask sum = 5894.0
batch 3827: mask sum = 5516.0
batch 3828: mask sum = 5824.0
batch 3829: mask sum = 5910.0
batch 3830: mask sum = 5302.0
iter 3830: loss 1.5652
batch 3831: mask sum = 5412.0
batch 3832: mask sum = 5793.0
batch 3833: mask sum = 5322.0
batch 3834: mask sum = 4566.0
batch 3835: mask sum = 5531.0
batch 3836: mask sum = 6025.0
batch 3837: mask sum = 5606.0
batch 3838: mask sum = 5969.0
batch 3839: mask sum = 5982.0
batch 3840: mask sum = 5807.0
iter 3840: loss 1.7135
batch 3841: mask sum = 4138.0
batch 3842: mask sum = 5125.0
batch 3843: mask sum = 5724.0
batch 3844: mask sum = 5342.0
batch 3845: mask sum = 5731.0
batch 3846: mask sum = 5454.0
batch 3847: mask sum = 5184.0
batch 3848: mask sum = 6008.0
batch 3849: mask sum = 6003.0
batch 3850: mask sum = 5500.0
iter 3850: loss 1.6628
batch 3851: mask sum = 5621.0
batch 3852: mask sum = 5987.0
batch 3853: mask sum = 5315.0
batch 3854: mask sum = 5685.0
batch 3855: mask sum = 5627.0
batch 3856: mask sum = 5256.0
batch 3857: mask sum = 5548.0
batch 3858: mask sum = 5788.0
batch 3859: mask sum = 5637.0
batch 3860: mask sum = 5305.0
iter 3860: loss 1.6957
batch 3861: mask sum = 5854.0
batch 3862: mask sum = 5565.0
batch 3863: mask sum = 5862.0
batch 3864: mask sum = 6073.0
batch 3865: mask sum = 5769.0
batch 3866: mask sum = 5618.0
batch 3867: mask sum = 5345.0
batch 3868: mask sum = 5818.0
batch 3869: mask sum = 5655.0
batch 3870: mask sum = 5743.0
iter 3870: loss 1.8140
batch 3871: mask sum = 5511.0
batch 3872: mask sum = 5359.0
batch 3873: mask sum = 5789.0
batch 3874: mask sum = 5202.0
batch 3875: mask sum = 6052.0
batch 3876: mask sum = 5100.0
batch 3877: mask sum = 5573.0
batch 3878: mask sum = 5079.0
batch 3879: mask sum = 6042.0
batch 3880: mask sum = 5757.0
iter 3880: loss 1.7052
batch 3881: mask sum = 5079.0
batch 3882: mask sum = 5886.0
batch 3883: mask sum = 4336.0
batch 3884: mask sum = 5603.0
batch 3885: mask sum = 5276.0
batch 3886: mask sum = 5008.0
batch 3887: mask sum = 5407.0
batch 3888: mask sum = 5019.0
batch 3889: mask sum = 6078.0
batch 3890: mask sum = 5808.0
iter 3890: loss 1.6930
batch 3891: mask sum = 4939.0
batch 3892: mask sum = 5409.0
batch 3893: mask sum = 5325.0
batch 3894: mask sum = 5056.0
batch 3895: mask sum = 5822.0
batch 3896: mask sum = 6016.0
batch 3897: mask sum = 5721.0
batch 3898: mask sum = 5643.0
batch 3899: mask sum = 5735.0
batch 3900: mask sum = 5659.0
iter 3900: loss 1.7182
batch 3901: mask sum = 6012.0
batch 3902: mask sum = 5405.0
batch 3903: mask sum = 4779.0
batch 3904: mask sum = 5445.0
batch 3905: mask sum = 5173.0
batch 3906: mask sum = 5440.0
batch 3907: mask sum = 5680.0
batch 3908: mask sum = 5928.0
batch 3909: mask sum = 6069.0
batch 3910: mask sum = 5259.0
iter 3910: loss 1.6077
batch 3911: mask sum = 5829.0
batch 3912: mask sum = 5146.0
batch 3913: mask sum = 4594.0
batch 3914: mask sum = 5253.0
batch 3915: mask sum = 5169.0
batch 3916: mask sum = 5603.0
batch 3917: mask sum = 5358.0
batch 3918: mask sum = 5653.0
batch 3919: mask sum = 5219.0
batch 3920: mask sum = 5977.0
iter 3920: loss 1.7522
batch 3921: mask sum = 5035.0
batch 3922: mask sum = 6063.0
batch 3923: mask sum = 5906.0
batch 3924: mask sum = 5860.0
batch 3925: mask sum = 5794.0
batch 3926: mask sum = 5669.0
batch 3927: mask sum = 5077.0
batch 3928: mask sum = 5526.0
batch 3929: mask sum = 5600.0
batch 3930: mask sum = 6125.0
iter 3930: loss 1.7327
batch 3931: mask sum = 5312.0
batch 3932: mask sum = 5511.0
batch 3933: mask sum = 5000.0
batch 3934: mask sum = 4445.0
batch 3935: mask sum = 6034.0
batch 3936: mask sum = 5130.0
batch 3937: mask sum = 5759.0
batch 3938: mask sum = 5832.0
batch 3939: mask sum = 4348.0
batch 3940: mask sum = 5585.0
iter 3940: loss 1.8012
batch 3941: mask sum = 5349.0
batch 3942: mask sum = 5539.0
batch 3943: mask sum = 5879.0
batch 3944: mask sum = 5613.0
batch 3945: mask sum = 5235.0
batch 3946: mask sum = 5632.0
batch 3947: mask sum = 6065.0
batch 3948: mask sum = 4426.0
batch 3949: mask sum = 5327.0
batch 3950: mask sum = 5505.0
iter 3950: loss 1.8516
batch 3951: mask sum = 5605.0
batch 3952: mask sum = 5320.0
batch 3953: mask sum = 5761.0
batch 3954: mask sum = 5844.0
batch 3955: mask sum = 5565.0
batch 3956: mask sum = 5002.0
batch 3957: mask sum = 5677.0
batch 3958: mask sum = 5798.0
batch 3959: mask sum = 5369.0
batch 3960: mask sum = 6007.0
iter 3960: loss 1.6437
batch 3961: mask sum = 5981.0
batch 3962: mask sum = 5521.0
batch 3963: mask sum = 5049.0
batch 3964: mask sum = 5139.0
batch 3965: mask sum = 6054.0
batch 3966: mask sum = 5224.0
batch 3967: mask sum = 5525.0
batch 3968: mask sum = 5308.0
batch 3969: mask sum = 5737.0
batch 3970: mask sum = 4978.0
iter 3970: loss 1.9276
batch 3971: mask sum = 6074.0
batch 3972: mask sum = 5697.0
batch 3973: mask sum = 5713.0
batch 3974: mask sum = 5884.0
batch 3975: mask sum = 5251.0
batch 3976: mask sum = 5571.0
batch 3977: mask sum = 5764.0
batch 3978: mask sum = 4752.0
batch 3979: mask sum = 5664.0
batch 3980: mask sum = 5220.0
iter 3980: loss 1.7443
batch 3981: mask sum = 5899.0
batch 3982: mask sum = 5657.0
batch 3983: mask sum = 5246.0
batch 3984: mask sum = 4722.0
batch 3985: mask sum = 5891.0
batch 3986: mask sum = 5823.0
batch 3987: mask sum = 4988.0
batch 3988: mask sum = 5000.0
batch 3989: mask sum = 5963.0
batch 3990: mask sum = 5837.0
iter 3990: loss 1.7408
batch 3991: mask sum = 4902.0
batch 3992: mask sum = 6027.0
batch 3993: mask sum = 6067.0
batch 3994: mask sum = 5617.0
batch 3995: mask sum = 5335.0
batch 3996: mask sum = 5757.0
batch 3997: mask sum = 5274.0
batch 3998: mask sum = 5876.0
batch 3999: mask sum = 5234.0
batch 4000: mask sum = 5490.0
iter 4000: loss 1.7238
step 4000: val loss 2.0357
batch 4001: mask sum = 4483.0
batch 4002: mask sum = 5614.0
batch 4003: mask sum = 5326.0
batch 4004: mask sum = 6020.0
batch 4005: mask sum = 5994.0
batch 4006: mask sum = 5906.0
batch 4007: mask sum = 5225.0
batch 4008: mask sum = 4972.0
batch 4009: mask sum = 5034.0
batch 4010: mask sum = 5872.0
iter 4010: loss 1.7864
batch 4011: mask sum = 5637.0
batch 4012: mask sum = 5284.0
batch 4013: mask sum = 5532.0
batch 4014: mask sum = 5106.0
batch 4015: mask sum = 5676.0
batch 4016: mask sum = 5168.0
batch 4017: mask sum = 5682.0
batch 4018: mask sum = 5289.0
batch 4019: mask sum = 5148.0
batch 4020: mask sum = 6057.0
iter 4020: loss 1.6640
batch 4021: mask sum = 6042.0
batch 4022: mask sum = 5558.0
batch 4023: mask sum = 4323.0
batch 4024: mask sum = 5514.0
batch 4025: mask sum = 5591.0
batch 4026: mask sum = 6144.0
batch 4027: mask sum = 5955.0
batch 4028: mask sum = 5296.0
batch 4029: mask sum = 5806.0
batch 4030: mask sum = 5042.0
iter 4030: loss 1.6747
batch 4031: mask sum = 5161.0
batch 4032: mask sum = 5174.0
batch 4033: mask sum = 5472.0
batch 4034: mask sum = 5761.0
batch 4035: mask sum = 4600.0
batch 4036: mask sum = 5786.0
batch 4037: mask sum = 5991.0
batch 4038: mask sum = 5755.0
batch 4039: mask sum = 5442.0
batch 4040: mask sum = 5525.0
iter 4040: loss 1.8238
batch 4041: mask sum = 5438.0
batch 4042: mask sum = 5647.0
batch 4043: mask sum = 5891.0
batch 4044: mask sum = 5660.0
batch 4045: mask sum = 5859.0
batch 4046: mask sum = 5977.0
batch 4047: mask sum = 5657.0
batch 4048: mask sum = 5839.0
batch 4049: mask sum = 5190.0
batch 4050: mask sum = 5800.0
iter 4050: loss 1.7314
batch 4051: mask sum = 5106.0
batch 4052: mask sum = 5759.0
batch 4053: mask sum = 5715.0
batch 4054: mask sum = 5417.0
batch 4055: mask sum = 5259.0
batch 4056: mask sum = 5457.0
batch 4057: mask sum = 5562.0
batch 4058: mask sum = 5570.0
batch 4059: mask sum = 5719.0
batch 4060: mask sum = 5443.0
iter 4060: loss 1.5559
batch 4061: mask sum = 5611.0
batch 4062: mask sum = 5149.0
batch 4063: mask sum = 5445.0
batch 4064: mask sum = 5606.0
batch 4065: mask sum = 5707.0
batch 4066: mask sum = 5034.0
batch 4067: mask sum = 5359.0
batch 4068: mask sum = 5632.0
batch 4069: mask sum = 5440.0
batch 4070: mask sum = 5250.0
iter 4070: loss 1.9358
batch 4071: mask sum = 5270.0
batch 4072: mask sum = 5890.0
batch 4073: mask sum = 5007.0
batch 4074: mask sum = 6006.0
batch 4075: mask sum = 5273.0
batch 4076: mask sum = 5352.0
batch 4077: mask sum = 4943.0
batch 4078: mask sum = 5274.0
batch 4079: mask sum = 5826.0
batch 4080: mask sum = 5182.0
iter 4080: loss 1.7141
batch 4081: mask sum = 5687.0
batch 4082: mask sum = 5485.0
batch 4083: mask sum = 5738.0
batch 4084: mask sum = 5760.0
batch 4085: mask sum = 5719.0
batch 4086: mask sum = 5814.0
batch 4087: mask sum = 5979.0
batch 4088: mask sum = 5301.0
batch 4089: mask sum = 5538.0
batch 4090: mask sum = 5981.0
iter 4090: loss 1.8369
batch 4091: mask sum = 5500.0
batch 4092: mask sum = 6031.0
batch 4093: mask sum = 5552.0
batch 4094: mask sum = 5357.0
batch 4095: mask sum = 4862.0
batch 4096: mask sum = 5794.0
batch 4097: mask sum = 5594.0
batch 4098: mask sum = 5979.0
batch 4099: mask sum = 4894.0
batch 4100: mask sum = 5029.0
iter 4100: loss 1.7616
batch 4101: mask sum = 5813.0
batch 4102: mask sum = 5551.0
batch 4103: mask sum = 5162.0
batch 4104: mask sum = 5188.0
batch 4105: mask sum = 4814.0
batch 4106: mask sum = 6023.0
batch 4107: mask sum = 5230.0
batch 4108: mask sum = 5477.0
batch 4109: mask sum = 5711.0
batch 4110: mask sum = 5814.0
iter 4110: loss 1.8709
batch 4111: mask sum = 5423.0
batch 4112: mask sum = 5875.0
batch 4113: mask sum = 4963.0
batch 4114: mask sum = 5899.0
batch 4115: mask sum = 5607.0
batch 4116: mask sum = 6052.0
batch 4117: mask sum = 5414.0
batch 4118: mask sum = 4969.0
batch 4119: mask sum = 4969.0
batch 4120: mask sum = 5773.0
iter 4120: loss 1.6823
batch 4121: mask sum = 5094.0
batch 4122: mask sum = 5845.0
batch 4123: mask sum = 5967.0
batch 4124: mask sum = 5524.0
batch 4125: mask sum = 5627.0
batch 4126: mask sum = 5333.0
batch 4127: mask sum = 5342.0
batch 4128: mask sum = 5577.0
batch 4129: mask sum = 5622.0
batch 4130: mask sum = 5792.0
iter 4130: loss 1.6610
batch 4131: mask sum = 5902.0
batch 4132: mask sum = 5549.0
batch 4133: mask sum = 6144.0
batch 4134: mask sum = 5702.0
batch 4135: mask sum = 5131.0
batch 4136: mask sum = 5516.0
batch 4137: mask sum = 5987.0
batch 4138: mask sum = 6013.0
batch 4139: mask sum = 6062.0
batch 4140: mask sum = 5673.0
iter 4140: loss 1.6863
batch 4141: mask sum = 5588.0
batch 4142: mask sum = 5822.0
batch 4143: mask sum = 5586.0
batch 4144: mask sum = 5685.0
batch 4145: mask sum = 5294.0
batch 4146: mask sum = 5189.0
batch 4147: mask sum = 5607.0
batch 4148: mask sum = 5666.0
batch 4149: mask sum = 5463.0
batch 4150: mask sum = 6098.0
iter 4150: loss 1.8213
batch 4151: mask sum = 4906.0
batch 4152: mask sum = 5450.0
batch 4153: mask sum = 5321.0
batch 4154: mask sum = 4840.0
batch 4155: mask sum = 5833.0
batch 4156: mask sum = 4289.0
batch 4157: mask sum = 5675.0
batch 4158: mask sum = 5738.0
batch 4159: mask sum = 5660.0
batch 4160: mask sum = 5685.0
iter 4160: loss 1.8346
batch 4161: mask sum = 6104.0
batch 4162: mask sum = 4922.0
batch 4163: mask sum = 5490.0
batch 4164: mask sum = 5651.0
batch 4165: mask sum = 6043.0
batch 4166: mask sum = 5182.0
batch 4167: mask sum = 5966.0
batch 4168: mask sum = 5675.0
batch 4169: mask sum = 6102.0
batch 4170: mask sum = 5314.0
iter 4170: loss 1.8096
batch 4171: mask sum = 5585.0
batch 4172: mask sum = 5996.0
batch 4173: mask sum = 5688.0
batch 4174: mask sum = 5167.0
batch 4175: mask sum = 6083.0
batch 4176: mask sum = 4938.0
batch 4177: mask sum = 5695.0
batch 4178: mask sum = 5534.0
batch 4179: mask sum = 5477.0
batch 4180: mask sum = 5943.0
iter 4180: loss 1.8137
batch 4181: mask sum = 5293.0
batch 4182: mask sum = 5676.0
batch 4183: mask sum = 5568.0
batch 4184: mask sum = 5503.0
batch 4185: mask sum = 4992.0
batch 4186: mask sum = 5288.0
batch 4187: mask sum = 5111.0
batch 4188: mask sum = 5458.0
batch 4189: mask sum = 4811.0
batch 4190: mask sum = 6109.0
iter 4190: loss 1.6551
batch 4191: mask sum = 5886.0
batch 4192: mask sum = 4401.0
batch 4193: mask sum = 5564.0
batch 4194: mask sum = 5603.0
batch 4195: mask sum = 5969.0
batch 4196: mask sum = 5938.0
batch 4197: mask sum = 5835.0
batch 4198: mask sum = 5744.0
batch 4199: mask sum = 5789.0
batch 4200: mask sum = 5618.0
iter 4200: loss 1.6807
step 4200: val loss 2.0035
batch 4201: mask sum = 5158.0
batch 4202: mask sum = 5771.0
batch 4203: mask sum = 4928.0
batch 4204: mask sum = 5582.0
batch 4205: mask sum = 4930.0
batch 4206: mask sum = 4275.0
batch 4207: mask sum = 4965.0
batch 4208: mask sum = 5130.0
batch 4209: mask sum = 5760.0
batch 4210: mask sum = 5512.0
iter 4210: loss 1.6592
batch 4211: mask sum = 5995.0
batch 4212: mask sum = 4781.0
batch 4213: mask sum = 5864.0
batch 4214: mask sum = 5685.0
batch 4215: mask sum = 5319.0
batch 4216: mask sum = 5845.0
batch 4217: mask sum = 5489.0
batch 4218: mask sum = 5319.0
batch 4219: mask sum = 4933.0
batch 4220: mask sum = 5437.0
iter 4220: loss 1.7038
batch 4221: mask sum = 5914.0
batch 4222: mask sum = 5777.0
batch 4223: mask sum = 5910.0
batch 4224: mask sum = 5948.0
batch 4225: mask sum = 5005.0
batch 4226: mask sum = 5249.0
batch 4227: mask sum = 5857.0
batch 4228: mask sum = 5378.0
batch 4229: mask sum = 4830.0
batch 4230: mask sum = 5791.0
iter 4230: loss 1.6600
batch 4231: mask sum = 5626.0
batch 4232: mask sum = 5592.0
batch 4233: mask sum = 5518.0
batch 4234: mask sum = 5933.0
batch 4235: mask sum = 5380.0
batch 4236: mask sum = 5480.0
batch 4237: mask sum = 5469.0
batch 4238: mask sum = 5528.0
batch 4239: mask sum = 5630.0
batch 4240: mask sum = 5462.0
iter 4240: loss 1.7600
batch 4241: mask sum = 5857.0
batch 4242: mask sum = 5605.0
batch 4243: mask sum = 5219.0
batch 4244: mask sum = 5595.0
batch 4245: mask sum = 5794.0
batch 4246: mask sum = 4875.0
batch 4247: mask sum = 5863.0
batch 4248: mask sum = 6144.0
batch 4249: mask sum = 4517.0
batch 4250: mask sum = 5019.0
iter 4250: loss 1.7604
batch 4251: mask sum = 5141.0
batch 4252: mask sum = 5779.0
batch 4253: mask sum = 5040.0
batch 4254: mask sum = 5571.0
batch 4255: mask sum = 5361.0
batch 4256: mask sum = 4364.0
batch 4257: mask sum = 5004.0
batch 4258: mask sum = 5049.0
batch 4259: mask sum = 5081.0
batch 4260: mask sum = 5907.0
iter 4260: loss 1.7239
batch 4261: mask sum = 5731.0
batch 4262: mask sum = 5722.0
batch 4263: mask sum = 4058.0
batch 4264: mask sum = 5611.0
batch 4265: mask sum = 5944.0
batch 4266: mask sum = 5787.0
batch 4267: mask sum = 5318.0
batch 4268: mask sum = 4604.0
batch 4269: mask sum = 5692.0
batch 4270: mask sum = 5585.0
iter 4270: loss 1.6389
batch 4271: mask sum = 5552.0
batch 4272: mask sum = 5890.0
batch 4273: mask sum = 5439.0
batch 4274: mask sum = 5590.0
batch 4275: mask sum = 5642.0
batch 4276: mask sum = 5916.0
batch 4277: mask sum = 5116.0
batch 4278: mask sum = 4918.0
batch 4279: mask sum = 5652.0
batch 4280: mask sum = 5898.0
iter 4280: loss 1.7312
batch 4281: mask sum = 5959.0
batch 4282: mask sum = 6000.0
batch 4283: mask sum = 5681.0
batch 4284: mask sum = 5577.0
batch 4285: mask sum = 5944.0
batch 4286: mask sum = 5598.0
batch 4287: mask sum = 5655.0
batch 4288: mask sum = 5479.0
batch 4289: mask sum = 5021.0
batch 4290: mask sum = 5496.0
iter 4290: loss 1.7774
batch 4291: mask sum = 5804.0
batch 4292: mask sum = 5097.0
batch 4293: mask sum = 5851.0
batch 4294: mask sum = 5883.0
batch 4295: mask sum = 6024.0
batch 4296: mask sum = 4942.0
batch 4297: mask sum = 5944.0
batch 4298: mask sum = 5049.0
batch 4299: mask sum = 5530.0
batch 4300: mask sum = 5946.0
iter 4300: loss 1.6215
batch 4301: mask sum = 5745.0
batch 4302: mask sum = 5596.0
batch 4303: mask sum = 5156.0
batch 4304: mask sum = 5695.0
batch 4305: mask sum = 5867.0
batch 4306: mask sum = 5383.0
batch 4307: mask sum = 5315.0
batch 4308: mask sum = 5436.0
batch 4309: mask sum = 5705.0
batch 4310: mask sum = 5465.0
iter 4310: loss 1.6319
batch 4311: mask sum = 5657.0
batch 4312: mask sum = 5838.0
batch 4313: mask sum = 5646.0
batch 4314: mask sum = 4963.0
batch 4315: mask sum = 5278.0
batch 4316: mask sum = 5476.0
batch 4317: mask sum = 5436.0
batch 4318: mask sum = 5727.0
batch 4319: mask sum = 5842.0
batch 4320: mask sum = 5462.0
iter 4320: loss 1.6154
batch 4321: mask sum = 5621.0
batch 4322: mask sum = 5274.0
batch 4323: mask sum = 5420.0
batch 4324: mask sum = 5332.0
batch 4325: mask sum = 6061.0
batch 4326: mask sum = 5414.0
batch 4327: mask sum = 5144.0
batch 4328: mask sum = 6019.0
batch 4329: mask sum = 5294.0
batch 4330: mask sum = 5647.0
iter 4330: loss 1.9677
batch 4331: mask sum = 5790.0
batch 4332: mask sum = 5585.0
batch 4333: mask sum = 4729.0
batch 4334: mask sum = 5093.0
batch 4335: mask sum = 4883.0
batch 4336: mask sum = 5508.0
batch 4337: mask sum = 5944.0
batch 4338: mask sum = 5920.0
batch 4339: mask sum = 4405.0
batch 4340: mask sum = 5177.0
iter 4340: loss 1.7081
batch 4341: mask sum = 5052.0
batch 4342: mask sum = 5868.0
batch 4343: mask sum = 5318.0
batch 4344: mask sum = 5494.0
batch 4345: mask sum = 4847.0
batch 4346: mask sum = 5638.0
batch 4347: mask sum = 5517.0
batch 4348: mask sum = 4423.0
batch 4349: mask sum = 5660.0
batch 4350: mask sum = 5765.0
iter 4350: loss 1.7167
batch 4351: mask sum = 5401.0
batch 4352: mask sum = 5689.0
batch 4353: mask sum = 5541.0
batch 4354: mask sum = 5361.0
batch 4355: mask sum = 6039.0
batch 4356: mask sum = 5865.0
batch 4357: mask sum = 4927.0
batch 4358: mask sum = 5080.0
batch 4359: mask sum = 5327.0
batch 4360: mask sum = 5603.0
iter 4360: loss 1.5902
batch 4361: mask sum = 5242.0
batch 4362: mask sum = 5780.0
batch 4363: mask sum = 5294.0
batch 4364: mask sum = 5423.0
batch 4365: mask sum = 4920.0
batch 4366: mask sum = 5668.0
batch 4367: mask sum = 6018.0
batch 4368: mask sum = 5348.0
batch 4369: mask sum = 5938.0
batch 4370: mask sum = 5988.0
iter 4370: loss 1.6438
batch 4371: mask sum = 5489.0
batch 4372: mask sum = 5784.0
batch 4373: mask sum = 5206.0
batch 4374: mask sum = 5344.0
batch 4375: mask sum = 4967.0
batch 4376: mask sum = 5607.0
batch 4377: mask sum = 5396.0
batch 4378: mask sum = 5672.0
batch 4379: mask sum = 5374.0
batch 4380: mask sum = 6038.0
iter 4380: loss 1.5945
batch 4381: mask sum = 4621.0
batch 4382: mask sum = 5520.0
batch 4383: mask sum = 6132.0
batch 4384: mask sum = 4503.0
batch 4385: mask sum = 5417.0
batch 4386: mask sum = 5174.0
batch 4387: mask sum = 5584.0
batch 4388: mask sum = 4633.0
batch 4389: mask sum = 5537.0
batch 4390: mask sum = 5172.0
iter 4390: loss 1.9242
batch 4391: mask sum = 5234.0
batch 4392: mask sum = 5405.0
batch 4393: mask sum = 4716.0
batch 4394: mask sum = 5827.0
batch 4395: mask sum = 5474.0
batch 4396: mask sum = 5340.0
batch 4397: mask sum = 5908.0
batch 4398: mask sum = 5660.0
batch 4399: mask sum = 5511.0
batch 4400: mask sum = 6017.0
iter 4400: loss 1.7211
step 4400: val loss 1.9908
batch 4401: mask sum = 5888.0
batch 4402: mask sum = 4788.0
batch 4403: mask sum = 5460.0
batch 4404: mask sum = 5904.0
batch 4405: mask sum = 5447.0
batch 4406: mask sum = 5566.0
batch 4407: mask sum = 6042.0
batch 4408: mask sum = 5159.0
batch 4409: mask sum = 5874.0
batch 4410: mask sum = 4711.0
iter 4410: loss 1.6578
batch 4411: mask sum = 5780.0
batch 4412: mask sum = 5792.0
batch 4413: mask sum = 5818.0
batch 4414: mask sum = 5681.0
batch 4415: mask sum = 5270.0
batch 4416: mask sum = 5490.0
batch 4417: mask sum = 5262.0
batch 4418: mask sum = 5909.0
batch 4419: mask sum = 5966.0
batch 4420: mask sum = 5238.0
iter 4420: loss 1.5429
batch 4421: mask sum = 5325.0
batch 4422: mask sum = 5859.0
batch 4423: mask sum = 5304.0
batch 4424: mask sum = 5777.0
batch 4425: mask sum = 5249.0
batch 4426: mask sum = 5211.0
batch 4427: mask sum = 6052.0
batch 4428: mask sum = 5949.0
batch 4429: mask sum = 5544.0
batch 4430: mask sum = 5632.0
iter 4430: loss 1.6025
batch 4431: mask sum = 4818.0
batch 4432: mask sum = 6090.0
batch 4433: mask sum = 5075.0
batch 4434: mask sum = 5788.0
batch 4435: mask sum = 6002.0
batch 4436: mask sum = 4646.0
batch 4437: mask sum = 5297.0
batch 4438: mask sum = 5857.0
batch 4439: mask sum = 5661.0
batch 4440: mask sum = 5802.0
iter 4440: loss 1.7149
batch 4441: mask sum = 5255.0
batch 4442: mask sum = 5661.0
batch 4443: mask sum = 5039.0
batch 4444: mask sum = 4922.0
batch 4445: mask sum = 5384.0
batch 4446: mask sum = 5699.0
batch 4447: mask sum = 5360.0
batch 4448: mask sum = 4728.0
batch 4449: mask sum = 4891.0
batch 4450: mask sum = 5750.0
iter 4450: loss 1.5241
batch 4451: mask sum = 4271.0
batch 4452: mask sum = 4916.0
batch 4453: mask sum = 5359.0
batch 4454: mask sum = 5217.0
batch 4455: mask sum = 5399.0
batch 4456: mask sum = 5938.0
batch 4457: mask sum = 4888.0
batch 4458: mask sum = 6140.0
batch 4459: mask sum = 5745.0
batch 4460: mask sum = 5522.0
iter 4460: loss 1.6843
batch 4461: mask sum = 6113.0
batch 4462: mask sum = 5661.0
batch 4463: mask sum = 5120.0
batch 4464: mask sum = 4826.0
batch 4465: mask sum = 5486.0
batch 4466: mask sum = 5898.0
batch 4467: mask sum = 4958.0
batch 4468: mask sum = 5166.0
batch 4469: mask sum = 5940.0
batch 4470: mask sum = 5285.0
iter 4470: loss 1.5078
batch 4471: mask sum = 5807.0
batch 4472: mask sum = 5268.0
batch 4473: mask sum = 5115.0
batch 4474: mask sum = 5710.0
batch 4475: mask sum = 5301.0
batch 4476: mask sum = 5682.0
batch 4477: mask sum = 5421.0
batch 4478: mask sum = 5921.0
batch 4479: mask sum = 5928.0
batch 4480: mask sum = 5501.0
iter 4480: loss 1.6458
batch 4481: mask sum = 5422.0
batch 4482: mask sum = 5495.0
batch 4483: mask sum = 5692.0
batch 4484: mask sum = 4953.0
batch 4485: mask sum = 5638.0
batch 4486: mask sum = 5558.0
batch 4487: mask sum = 5277.0
batch 4488: mask sum = 5263.0
batch 4489: mask sum = 5451.0
batch 4490: mask sum = 6144.0
iter 4490: loss 1.6622
batch 4491: mask sum = 5733.0
batch 4492: mask sum = 5724.0
batch 4493: mask sum = 5551.0
batch 4494: mask sum = 5708.0
batch 4495: mask sum = 5138.0
batch 4496: mask sum = 5518.0
batch 4497: mask sum = 5951.0
batch 4498: mask sum = 5775.0
batch 4499: mask sum = 6059.0
batch 4500: mask sum = 5503.0
iter 4500: loss 1.7131
batch 4501: mask sum = 5698.0
batch 4502: mask sum = 5853.0
batch 4503: mask sum = 5597.0
batch 4504: mask sum = 5632.0
batch 4505: mask sum = 5979.0
batch 4506: mask sum = 5287.0
batch 4507: mask sum = 5773.0
batch 4508: mask sum = 5858.0
batch 4509: mask sum = 5303.0
batch 4510: mask sum = 5983.0
iter 4510: loss 1.6839
batch 4511: mask sum = 5372.0
batch 4512: mask sum = 5200.0
batch 4513: mask sum = 5790.0
batch 4514: mask sum = 6033.0
batch 4515: mask sum = 5990.0
batch 4516: mask sum = 5744.0
batch 4517: mask sum = 5321.0
batch 4518: mask sum = 5775.0
batch 4519: mask sum = 5409.0
batch 4520: mask sum = 5575.0
iter 4520: loss 1.5446
batch 4521: mask sum = 5116.0
batch 4522: mask sum = 5848.0
batch 4523: mask sum = 5428.0
batch 4524: mask sum = 4922.0
batch 4525: mask sum = 5185.0
batch 4526: mask sum = 5414.0
batch 4527: mask sum = 5295.0
batch 4528: mask sum = 4394.0
batch 4529: mask sum = 5698.0
batch 4530: mask sum = 4857.0
iter 4530: loss 1.4489
batch 4531: mask sum = 5729.0
batch 4532: mask sum = 5805.0
batch 4533: mask sum = 6087.0
batch 4534: mask sum = 6122.0
batch 4535: mask sum = 5417.0
batch 4536: mask sum = 5548.0
batch 4537: mask sum = 5166.0
batch 4538: mask sum = 5683.0
batch 4539: mask sum = 5488.0
batch 4540: mask sum = 5795.0
iter 4540: loss 1.5430
batch 4541: mask sum = 5661.0
batch 4542: mask sum = 5089.0
batch 4543: mask sum = 4569.0
batch 4544: mask sum = 5727.0
batch 4545: mask sum = 5900.0
batch 4546: mask sum = 5686.0
batch 4547: mask sum = 5320.0
batch 4548: mask sum = 5526.0
batch 4549: mask sum = 5701.0
batch 4550: mask sum = 5718.0
iter 4550: loss 1.5729
batch 4551: mask sum = 5887.0
batch 4552: mask sum = 5704.0
batch 4553: mask sum = 5955.0
batch 4554: mask sum = 5477.0
batch 4555: mask sum = 4991.0
batch 4556: mask sum = 4887.0
batch 4557: mask sum = 5467.0
batch 4558: mask sum = 4962.0
batch 4559: mask sum = 4916.0
batch 4560: mask sum = 6087.0
iter 4560: loss 1.6309
batch 4561: mask sum = 5941.0
batch 4562: mask sum = 5366.0
batch 4563: mask sum = 5379.0
batch 4564: mask sum = 5233.0
batch 4565: mask sum = 6091.0
batch 4566: mask sum = 5927.0
batch 4567: mask sum = 5877.0
batch 4568: mask sum = 5488.0
batch 4569: mask sum = 5219.0
batch 4570: mask sum = 5459.0
iter 4570: loss 1.6312
batch 4571: mask sum = 5479.0
batch 4572: mask sum = 6088.0
batch 4573: mask sum = 5740.0
batch 4574: mask sum = 5717.0
batch 4575: mask sum = 5837.0
batch 4576: mask sum = 5912.0
batch 4577: mask sum = 5409.0
batch 4578: mask sum = 5473.0
batch 4579: mask sum = 5199.0
batch 4580: mask sum = 5077.0
iter 4580: loss 1.5266
batch 4581: mask sum = 5024.0
batch 4582: mask sum = 5267.0
batch 4583: mask sum = 5520.0
batch 4584: mask sum = 5871.0
batch 4585: mask sum = 5527.0
batch 4586: mask sum = 5887.0
batch 4587: mask sum = 5982.0
batch 4588: mask sum = 4641.0
batch 4589: mask sum = 4671.0
batch 4590: mask sum = 4884.0
iter 4590: loss 1.7421
batch 4591: mask sum = 5241.0
batch 4592: mask sum = 5995.0
batch 4593: mask sum = 6048.0
batch 4594: mask sum = 6144.0
batch 4595: mask sum = 4715.0
batch 4596: mask sum = 5947.0
batch 4597: mask sum = 5709.0
batch 4598: mask sum = 5236.0
batch 4599: mask sum = 5913.0
batch 4600: mask sum = 4953.0
iter 4600: loss 1.7057
step 4600: val loss 2.0022
batch 4601: mask sum = 5104.0
batch 4602: mask sum = 5564.0
batch 4603: mask sum = 5452.0
batch 4604: mask sum = 5016.0
batch 4605: mask sum = 5796.0
batch 4606: mask sum = 5545.0
batch 4607: mask sum = 5894.0
batch 4608: mask sum = 5974.0
batch 4609: mask sum = 5724.0
batch 4610: mask sum = 5623.0
iter 4610: loss 1.5580
batch 4611: mask sum = 5934.0
batch 4612: mask sum = 4896.0
batch 4613: mask sum = 4998.0
batch 4614: mask sum = 5336.0
batch 4615: mask sum = 5371.0
batch 4616: mask sum = 5127.0
batch 4617: mask sum = 5563.0
batch 4618: mask sum = 5331.0
batch 4619: mask sum = 4704.0
batch 4620: mask sum = 5147.0
iter 4620: loss 1.5341
batch 4621: mask sum = 5969.0
batch 4622: mask sum = 5020.0
batch 4623: mask sum = 5894.0
batch 4624: mask sum = 5476.0
batch 4625: mask sum = 6105.0
batch 4626: mask sum = 5268.0
batch 4627: mask sum = 4279.0
batch 4628: mask sum = 4913.0
batch 4629: mask sum = 5302.0
batch 4630: mask sum = 5803.0
iter 4630: loss 1.6993
batch 4631: mask sum = 5867.0
batch 4632: mask sum = 5766.0
batch 4633: mask sum = 5919.0
batch 4634: mask sum = 5752.0
batch 4635: mask sum = 5602.0
batch 4636: mask sum = 5774.0
batch 4637: mask sum = 5598.0
batch 4638: mask sum = 5861.0
batch 4639: mask sum = 5036.0
batch 4640: mask sum = 5812.0
iter 4640: loss 1.8441
batch 4641: mask sum = 5924.0
batch 4642: mask sum = 6049.0
batch 4643: mask sum = 5474.0
batch 4644: mask sum = 5791.0
batch 4645: mask sum = 5776.0
batch 4646: mask sum = 6019.0
batch 4647: mask sum = 5542.0
batch 4648: mask sum = 6069.0
batch 4649: mask sum = 5078.0
batch 4650: mask sum = 5317.0
iter 4650: loss 1.5507
batch 4651: mask sum = 5869.0
batch 4652: mask sum = 5500.0
batch 4653: mask sum = 5952.0
batch 4654: mask sum = 5487.0
batch 4655: mask sum = 5373.0
batch 4656: mask sum = 5370.0
batch 4657: mask sum = 5602.0
batch 4658: mask sum = 5562.0
batch 4659: mask sum = 6007.0
batch 4660: mask sum = 5824.0
iter 4660: loss 1.7560
batch 4661: mask sum = 5510.0
batch 4662: mask sum = 5778.0
batch 4663: mask sum = 4560.0
batch 4664: mask sum = 5810.0
batch 4665: mask sum = 5893.0
batch 4666: mask sum = 5364.0
batch 4667: mask sum = 5869.0
batch 4668: mask sum = 5791.0
batch 4669: mask sum = 5461.0
batch 4670: mask sum = 5992.0
iter 4670: loss 1.6478
batch 4671: mask sum = 5559.0
batch 4672: mask sum = 5406.0
batch 4673: mask sum = 5616.0
batch 4674: mask sum = 5389.0
batch 4675: mask sum = 5342.0
batch 4676: mask sum = 5178.0
batch 4677: mask sum = 6144.0
batch 4678: mask sum = 5057.0
batch 4679: mask sum = 4821.0
batch 4680: mask sum = 4960.0
iter 4680: loss 1.6928
batch 4681: mask sum = 5311.0
batch 4682: mask sum = 4932.0
batch 4683: mask sum = 5577.0
batch 4684: mask sum = 5482.0
batch 4685: mask sum = 5643.0
batch 4686: mask sum = 5616.0
batch 4687: mask sum = 5271.0
batch 4688: mask sum = 4612.0
batch 4689: mask sum = 4315.0
batch 4690: mask sum = 5600.0
iter 4690: loss 1.6071
batch 4691: mask sum = 5430.0
batch 4692: mask sum = 5256.0
batch 4693: mask sum = 6039.0
batch 4694: mask sum = 5600.0
batch 4695: mask sum = 5586.0
batch 4696: mask sum = 5160.0
batch 4697: mask sum = 5655.0
batch 4698: mask sum = 5526.0
batch 4699: mask sum = 5346.0
batch 4700: mask sum = 4549.0
iter 4700: loss 1.6497
batch 4701: mask sum = 5446.0
batch 4702: mask sum = 5530.0
batch 4703: mask sum = 5104.0
batch 4704: mask sum = 5155.0
batch 4705: mask sum = 6144.0
batch 4706: mask sum = 5246.0
batch 4707: mask sum = 5530.0
batch 4708: mask sum = 5012.0
batch 4709: mask sum = 5350.0
batch 4710: mask sum = 5023.0
iter 4710: loss 1.5108
batch 4711: mask sum = 5631.0
batch 4712: mask sum = 5340.0
batch 4713: mask sum = 5366.0
batch 4714: mask sum = 5534.0
batch 4715: mask sum = 5607.0
batch 4716: mask sum = 4533.0
batch 4717: mask sum = 5667.0
batch 4718: mask sum = 5051.0
batch 4719: mask sum = 5961.0
batch 4720: mask sum = 5482.0
iter 4720: loss 1.6140
batch 4721: mask sum = 5323.0
batch 4722: mask sum = 5636.0
batch 4723: mask sum = 5463.0
batch 4724: mask sum = 5891.0
batch 4725: mask sum = 5988.0
batch 4726: mask sum = 5818.0
batch 4727: mask sum = 5363.0
batch 4728: mask sum = 5732.0
batch 4729: mask sum = 6077.0
batch 4730: mask sum = 5440.0
iter 4730: loss 1.5784
batch 4731: mask sum = 6022.0
batch 4732: mask sum = 5816.0
batch 4733: mask sum = 6129.0
batch 4734: mask sum = 5367.0
batch 4735: mask sum = 5632.0
batch 4736: mask sum = 4780.0
batch 4737: mask sum = 5590.0
batch 4738: mask sum = 5136.0
batch 4739: mask sum = 5800.0
batch 4740: mask sum = 5576.0
iter 4740: loss 1.5435
batch 4741: mask sum = 5052.0
batch 4742: mask sum = 5809.0
batch 4743: mask sum = 5627.0
batch 4744: mask sum = 5752.0
batch 4745: mask sum = 5568.0
batch 4746: mask sum = 5452.0
batch 4747: mask sum = 5694.0
batch 4748: mask sum = 5267.0
batch 4749: mask sum = 5363.0
batch 4750: mask sum = 5931.0
iter 4750: loss 1.5375
batch 4751: mask sum = 6049.0
batch 4752: mask sum = 5483.0
batch 4753: mask sum = 5793.0
batch 4754: mask sum = 5406.0
batch 4755: mask sum = 4948.0
batch 4756: mask sum = 5181.0
batch 4757: mask sum = 5249.0
batch 4758: mask sum = 5865.0
batch 4759: mask sum = 5446.0
batch 4760: mask sum = 5868.0
iter 4760: loss 1.6072
batch 4761: mask sum = 5446.0
batch 4762: mask sum = 5741.0
batch 4763: mask sum = 5070.0
batch 4764: mask sum = 5097.0
batch 4765: mask sum = 5892.0
batch 4766: mask sum = 5928.0
batch 4767: mask sum = 4571.0
batch 4768: mask sum = 4986.0
batch 4769: mask sum = 5436.0
batch 4770: mask sum = 5204.0
iter 4770: loss 1.8472
batch 4771: mask sum = 5702.0
batch 4772: mask sum = 5743.0
batch 4773: mask sum = 5687.0
batch 4774: mask sum = 5743.0
batch 4775: mask sum = 5932.0
batch 4776: mask sum = 5392.0
batch 4777: mask sum = 5058.0
batch 4778: mask sum = 5331.0
batch 4779: mask sum = 4666.0
batch 4780: mask sum = 5498.0
iter 4780: loss 1.5217
batch 4781: mask sum = 5084.0
batch 4782: mask sum = 5471.0
batch 4783: mask sum = 5893.0
batch 4784: mask sum = 5277.0
batch 4785: mask sum = 5497.0
batch 4786: mask sum = 5529.0
batch 4787: mask sum = 4622.0
batch 4788: mask sum = 5332.0
batch 4789: mask sum = 5302.0
batch 4790: mask sum = 5356.0
iter 4790: loss 1.6533
batch 4791: mask sum = 5632.0
batch 4792: mask sum = 6059.0
batch 4793: mask sum = 5071.0
batch 4794: mask sum = 5856.0
batch 4795: mask sum = 5672.0
batch 4796: mask sum = 5763.0
batch 4797: mask sum = 5812.0
batch 4798: mask sum = 5354.0
batch 4799: mask sum = 4908.0
batch 4800: mask sum = 5768.0
iter 4800: loss 1.6558
step 4800: val loss 2.0247
batch 4801: mask sum = 6084.0
batch 4802: mask sum = 4585.0
batch 4803: mask sum = 5977.0
batch 4804: mask sum = 5064.0
batch 4805: mask sum = 5416.0
batch 4806: mask sum = 5459.0
batch 4807: mask sum = 5687.0
batch 4808: mask sum = 5302.0
batch 4809: mask sum = 5413.0
batch 4810: mask sum = 5342.0
iter 4810: loss 1.5665
batch 4811: mask sum = 5572.0
batch 4812: mask sum = 5554.0
batch 4813: mask sum = 5360.0
batch 4814: mask sum = 5113.0
batch 4815: mask sum = 5469.0
batch 4816: mask sum = 5773.0
batch 4817: mask sum = 5824.0
batch 4818: mask sum = 5735.0
batch 4819: mask sum = 4957.0
batch 4820: mask sum = 5872.0
iter 4820: loss 1.5394
batch 4821: mask sum = 6088.0
batch 4822: mask sum = 4992.0
batch 4823: mask sum = 5880.0
batch 4824: mask sum = 5751.0
batch 4825: mask sum = 5171.0
batch 4826: mask sum = 4948.0
batch 4827: mask sum = 5209.0
batch 4828: mask sum = 5449.0
batch 4829: mask sum = 5907.0
batch 4830: mask sum = 5458.0
iter 4830: loss 1.5931
batch 4831: mask sum = 4834.0
batch 4832: mask sum = 5445.0
batch 4833: mask sum = 5916.0
batch 4834: mask sum = 5210.0
batch 4835: mask sum = 5503.0
batch 4836: mask sum = 5567.0
batch 4837: mask sum = 4658.0
batch 4838: mask sum = 5161.0
batch 4839: mask sum = 4705.0
batch 4840: mask sum = 5207.0
iter 4840: loss 1.5617
batch 4841: mask sum = 5725.0
batch 4842: mask sum = 6144.0
batch 4843: mask sum = 5511.0
batch 4844: mask sum = 4962.0
batch 4845: mask sum = 4980.0
batch 4846: mask sum = 5639.0
batch 4847: mask sum = 5870.0
batch 4848: mask sum = 6130.0
batch 4849: mask sum = 5318.0
batch 4850: mask sum = 4610.0
iter 4850: loss 1.9296
batch 4851: mask sum = 5292.0
batch 4852: mask sum = 5692.0
batch 4853: mask sum = 5768.0
batch 4854: mask sum = 5344.0
batch 4855: mask sum = 6049.0
batch 4856: mask sum = 5752.0
batch 4857: mask sum = 6003.0
batch 4858: mask sum = 5569.0
batch 4859: mask sum = 5464.0
batch 4860: mask sum = 6026.0
iter 4860: loss 1.5884
batch 4861: mask sum = 5378.0
batch 4862: mask sum = 5632.0
batch 4863: mask sum = 5172.0
batch 4864: mask sum = 5332.0
batch 4865: mask sum = 5271.0
batch 4866: mask sum = 4385.0
batch 4867: mask sum = 5543.0
batch 4868: mask sum = 4873.0
batch 4869: mask sum = 5715.0
batch 4870: mask sum = 5280.0
iter 4870: loss 1.5855
batch 4871: mask sum = 5682.0
batch 4872: mask sum = 5879.0
batch 4873: mask sum = 5963.0
batch 4874: mask sum = 5837.0
batch 4875: mask sum = 6008.0
batch 4876: mask sum = 4770.0
batch 4877: mask sum = 5807.0
batch 4878: mask sum = 4848.0
batch 4879: mask sum = 5472.0
batch 4880: mask sum = 5333.0
iter 4880: loss 1.5232
batch 4881: mask sum = 5441.0
batch 4882: mask sum = 4655.0
batch 4883: mask sum = 5614.0
batch 4884: mask sum = 5954.0
batch 4885: mask sum = 5364.0
batch 4886: mask sum = 5013.0
batch 4887: mask sum = 5720.0
batch 4888: mask sum = 5508.0
batch 4889: mask sum = 5882.0
batch 4890: mask sum = 6061.0
iter 4890: loss 1.6369
batch 4891: mask sum = 5915.0
batch 4892: mask sum = 5233.0
batch 4893: mask sum = 5898.0
batch 4894: mask sum = 5193.0
batch 4895: mask sum = 5126.0
batch 4896: mask sum = 5172.0
batch 4897: mask sum = 6051.0
batch 4898: mask sum = 4928.0
batch 4899: mask sum = 5002.0
batch 4900: mask sum = 5523.0
iter 4900: loss 1.7181
batch 4901: mask sum = 5469.0
batch 4902: mask sum = 5059.0
batch 4903: mask sum = 5098.0
batch 4904: mask sum = 5931.0
batch 4905: mask sum = 5882.0
batch 4906: mask sum = 4668.0
batch 4907: mask sum = 5269.0
batch 4908: mask sum = 5035.0
batch 4909: mask sum = 5714.0
batch 4910: mask sum = 5894.0
iter 4910: loss 1.5088
batch 4911: mask sum = 4960.0
batch 4912: mask sum = 5555.0
batch 4913: mask sum = 5542.0
batch 4914: mask sum = 5222.0
batch 4915: mask sum = 5174.0
batch 4916: mask sum = 5389.0
batch 4917: mask sum = 5533.0
batch 4918: mask sum = 5046.0
batch 4919: mask sum = 5833.0
batch 4920: mask sum = 5399.0
iter 4920: loss 1.6507
batch 4921: mask sum = 5600.0
batch 4922: mask sum = 5857.0
batch 4923: mask sum = 5974.0
batch 4924: mask sum = 5967.0
batch 4925: mask sum = 5920.0
batch 4926: mask sum = 4747.0
batch 4927: mask sum = 4923.0
batch 4928: mask sum = 5956.0
batch 4929: mask sum = 4783.0
batch 4930: mask sum = 5264.0
iter 4930: loss 1.5958
batch 4931: mask sum = 5539.0
batch 4932: mask sum = 5808.0
batch 4933: mask sum = 5753.0
batch 4934: mask sum = 5479.0
batch 4935: mask sum = 5648.0
batch 4936: mask sum = 5786.0
batch 4937: mask sum = 5807.0
batch 4938: mask sum = 5724.0
batch 4939: mask sum = 5759.0
batch 4940: mask sum = 5568.0
iter 4940: loss 1.5278
batch 4941: mask sum = 5204.0
batch 4942: mask sum = 5827.0
batch 4943: mask sum = 5386.0
batch 4944: mask sum = 4620.0
batch 4945: mask sum = 5291.0
batch 4946: mask sum = 6144.0
batch 4947: mask sum = 5836.0
batch 4948: mask sum = 5545.0
batch 4949: mask sum = 5584.0
batch 4950: mask sum = 5335.0
iter 4950: loss 1.4522
batch 4951: mask sum = 5779.0
batch 4952: mask sum = 5695.0
batch 4953: mask sum = 5557.0
batch 4954: mask sum = 5196.0
batch 4955: mask sum = 5251.0
batch 4956: mask sum = 5882.0
batch 4957: mask sum = 5948.0
batch 4958: mask sum = 6048.0
batch 4959: mask sum = 5971.0
batch 4960: mask sum = 5731.0
iter 4960: loss 1.5750
batch 4961: mask sum = 4804.0
batch 4962: mask sum = 5910.0
batch 4963: mask sum = 5221.0
batch 4964: mask sum = 5751.0
batch 4965: mask sum = 5712.0
batch 4966: mask sum = 5037.0
batch 4967: mask sum = 5366.0
batch 4968: mask sum = 5638.0
batch 4969: mask sum = 4522.0
batch 4970: mask sum = 5536.0
iter 4970: loss 1.2524
batch 4971: mask sum = 4892.0
batch 4972: mask sum = 5913.0
batch 4973: mask sum = 5627.0
batch 4974: mask sum = 5058.0
batch 4975: mask sum = 5738.0
batch 4976: mask sum = 5290.0
batch 4977: mask sum = 5919.0
batch 4978: mask sum = 5513.0
batch 4979: mask sum = 5361.0
batch 4980: mask sum = 5437.0
iter 4980: loss 1.5581
batch 4981: mask sum = 5657.0
batch 4982: mask sum = 5579.0
batch 4983: mask sum = 5589.0
batch 4984: mask sum = 6026.0
batch 4985: mask sum = 5975.0
batch 4986: mask sum = 5515.0
batch 4987: mask sum = 5376.0
batch 4988: mask sum = 5428.0
batch 4989: mask sum = 5476.0
batch 4990: mask sum = 5058.0
iter 4990: loss 1.6855
batch 4991: mask sum = 5564.0
batch 4992: mask sum = 5173.0
batch 4993: mask sum = 5439.0
batch 4994: mask sum = 4853.0
batch 4995: mask sum = 5038.0
batch 4996: mask sum = 5523.0
batch 4997: mask sum = 4985.0
batch 4998: mask sum = 5092.0
batch 4999: mask sum = 5429.0
验证完成！
正在保存模型权重至 out-sft-test/ckpt.pt...
保存成功！现在可以去推理了。
